dataset,method,timeSlice,GT_predict,true
SuperBoring,nltk_0.20,1,100.0%,100.0%
SuperBoring,nltk_0.20,2,86.6666666667%,75.0%
SuperBoring,nltk_0.20,3,72.7272727273%,71.4285714286%
SuperBoring,nltk_0.20,4,71.4285714286%,84.6153846154%
SuperBoring,nltk_0.20,5,46.7889908257%,64.8648648649%
SuperBoring,nltk_0.20,6,45.0704225352%,57.5757575758%
SuperBoring,nltk_0.20,7,43.7086092715%,55.5555555556%
SuperBoring,nltk_0.20,8,41.4634146341%,46.1538461538%
SuperBoring,nltk_0.20,9,42.1348314607%,57.1428571429%
SuperBoring,nltk_0.20,10,39.3939393939%,30.0%
SuperBoring,nltk_0.20,11,36.1290322581%,45.5357142857%
SuperBoring,nltk_0.20,12,33.5243553009%,30.7692307692%
SuperBoring,nltk_0.20,13,32.5905292479%,40.0%
SuperBoring,nltk_0.20,14,31.8584070796%,45.1612903226%
SuperBoring,nltk_0.20,15,30.297029703%,35.8490566038%
SuperBoring,nltk_0.20,16,25.4843517139%,29.5180722892%
SuperBoring,nltk_0.20,17,25.5162241888%,28.5714285714%
SuperBoring,nltk_0.20,18,25.1088534107%,18.1818181818%
SuperBoring,nltk_0.20,19,25.4285714286%,54.5454545455%
SuperBoring,nltk_0.20,20,25.3521126761%,20.0%
SuperBoring,nltk_0.20,21,23.5220125786%,22.3529411765%
SuperBoring,nltk_0.20,22,23.3910891089%,15.3846153846%
SuperBoring,nltk_0.20,23,23.3656174334%,27.7777777778%
SuperBoring,nltk_0.20,24,22.3847019123%,22.2222222222%
SuperBoring,nltk_0.40,1,100.0%,100.0%
SuperBoring,nltk_0.40,2,86.6666666667%,75.0%
SuperBoring,nltk_0.40,3,72.7272727273%,71.4285714286%
SuperBoring,nltk_0.40,4,71.4285714286%,84.6153846154%
SuperBoring,nltk_0.40,5,51.376146789%,68.9189189189%
SuperBoring,nltk_0.40,6,48.5915492958%,57.5757575758%
SuperBoring,nltk_0.40,7,47.0198675497%,55.5555555556%
SuperBoring,nltk_0.40,8,45.1219512195%,53.8461538462%
SuperBoring,nltk_0.40,9,45.5056179775%,64.2857142857%
SuperBoring,nltk_0.40,10,42.4242424242%,30.0%
SuperBoring,nltk_0.40,11,40.9677419355%,51.7857142857%
SuperBoring,nltk_0.40,12,39.2550143266%,46.1538461538%
SuperBoring,nltk_0.40,13,38.7186629526%,50.0%
SuperBoring,nltk_0.40,14,36.7256637168%,47.311827957%
SuperBoring,nltk_0.40,15,35.4455445545%,43.3962264151%
SuperBoring,nltk_0.40,16,33.084947839%,42.1686746988%
SuperBoring,nltk_0.40,17,32.8908554572%,28.5714285714%
SuperBoring,nltk_0.40,18,32.3657474601%,27.2727272727%
SuperBoring,nltk_0.40,19,32.5714285714%,54.5454545455%
SuperBoring,nltk_0.40,20,32.2535211268%,20.0%
SuperBoring,nltk_0.40,21,30.9433962264%,34.1176470588%
SuperBoring,nltk_0.40,22,30.8168316832%,23.0769230769%
SuperBoring,nltk_0.40,23,30.5084745763%,27.7777777778%
SuperBoring,nltk_0.40,24,29.1338582677%,26.9841269841%
SuperBoring,nltk_0.60,1,100.0%,100.0%
SuperBoring,nltk_0.60,2,86.6666666667%,75.0%
SuperBoring,nltk_0.60,3,72.7272727273%,71.4285714286%
SuperBoring,nltk_0.60,4,77.1428571429%,92.3076923077%
SuperBoring,nltk_0.60,5,65.1376146789%,78.3783783784%
SuperBoring,nltk_0.60,6,60.5633802817%,63.6363636364%
SuperBoring,nltk_0.60,7,58.2781456954%,55.5555555556%
SuperBoring,nltk_0.60,8,56.0975609756%,61.5384615385%
SuperBoring,nltk_0.60,9,56.7415730337%,71.4285714286%
SuperBoring,nltk_0.60,10,53.0303030303%,45.0%
SuperBoring,nltk_0.60,11,49.0322580645%,58.0357142857%
SuperBoring,nltk_0.60,12,46.9914040115%,51.2820512821%
SuperBoring,nltk_0.60,13,46.2395543175%,50.0%
SuperBoring,nltk_0.60,14,44.0265486726%,53.7634408602%
SuperBoring,nltk_0.60,15,42.7722772277%,50.9433962264%
SuperBoring,nltk_0.60,16,39.7913561848%,47.5903614458%
SuperBoring,nltk_0.60,17,39.3805309735%,28.5714285714%
SuperBoring,nltk_0.60,18,38.7518142235%,27.2727272727%
SuperBoring,nltk_0.60,19,38.8571428571%,54.5454545455%
SuperBoring,nltk_0.60,20,38.4507042254%,20.0%
SuperBoring,nltk_0.60,21,36.8553459119%,40.0%
SuperBoring,nltk_0.60,22,36.7574257426%,38.4615384615%
SuperBoring,nltk_0.60,23,36.3196125908%,33.3333333333%
SuperBoring,nltk_0.60,24,34.7581552306%,33.3333333333%
SuperBoring,nltk_0.80,1,100.0%,100.0%
SuperBoring,nltk_0.80,2,86.6666666667%,75.0%
SuperBoring,nltk_0.80,3,72.7272727273%,71.4285714286%
SuperBoring,nltk_0.80,4,77.1428571429%,92.3076923077%
SuperBoring,nltk_0.80,5,65.1376146789%,78.3783783784%
SuperBoring,nltk_0.80,6,60.5633802817%,63.6363636364%
SuperBoring,nltk_0.80,7,58.2781456954%,55.5555555556%
SuperBoring,nltk_0.80,8,56.0975609756%,61.5384615385%
SuperBoring,nltk_0.80,9,56.7415730337%,71.4285714286%
SuperBoring,nltk_0.80,10,53.0303030303%,45.0%
SuperBoring,nltk_0.80,11,49.0322580645%,58.0357142857%
SuperBoring,nltk_0.80,12,46.9914040115%,51.2820512821%
SuperBoring,nltk_0.80,13,46.2395543175%,50.0%
SuperBoring,nltk_0.80,14,44.0265486726%,53.7634408602%
SuperBoring,nltk_0.80,15,42.7722772277%,50.9433962264%
SuperBoring,nltk_0.80,16,39.7913561848%,47.5903614458%
SuperBoring,nltk_0.80,17,39.3805309735%,28.5714285714%
SuperBoring,nltk_0.80,18,38.7518142235%,27.2727272727%
SuperBoring,nltk_0.80,19,38.8571428571%,54.5454545455%
SuperBoring,nltk_0.80,20,38.4507042254%,20.0%
SuperBoring,nltk_0.80,21,36.8553459119%,40.0%
SuperBoring,nltk_0.80,22,36.7574257426%,38.4615384615%
SuperBoring,nltk_0.80,23,36.3196125908%,33.3333333333%
SuperBoring,nltk_0.80,24,34.7581552306%,33.3333333333%
SuperBoring,word2vec_0.20,1,18.1818181818%,36.3636363636%
SuperBoring,word2vec_0.20,2,13.3333333333%,0.0%
SuperBoring,word2vec_0.20,3,13.6363636364%,14.2857142857%
SuperBoring,word2vec_0.20,4,11.4285714286%,15.3846153846%
SuperBoring,word2vec_0.20,5,4.5871559633%,5.40540540541%
SuperBoring,word2vec_0.20,6,4.22535211268%,3.0303030303%
SuperBoring,word2vec_0.20,7,3.97350993377%,0.0%
SuperBoring,word2vec_0.20,8,3.65853658537%,0.0%
SuperBoring,word2vec_0.20,9,3.37078651685%,0.0%
SuperBoring,word2vec_0.20,10,3.0303030303%,5.0%
SuperBoring,word2vec_0.20,11,1.93548387097%,2.67857142857%
SuperBoring,word2vec_0.20,12,1.71919770774%,5.12820512821%
SuperBoring,word2vec_0.20,13,1.6713091922%,0.0%
SuperBoring,word2vec_0.20,14,1.54867256637%,3.22580645161%
SuperBoring,word2vec_0.20,15,1.38613861386%,1.88679245283%
SuperBoring,word2vec_0.20,16,1.6393442623%,4.81927710843%
SuperBoring,word2vec_0.20,17,1.91740412979%,28.5714285714%
SuperBoring,word2vec_0.20,18,1.74165457184%,0.0%
SuperBoring,word2vec_0.20,19,1.71428571429%,0.0%
SuperBoring,word2vec_0.20,20,1.83098591549%,10.0%
SuperBoring,word2vec_0.20,21,1.88679245283%,2.35294117647%
SuperBoring,word2vec_0.20,22,1.85643564356%,0.0%
SuperBoring,word2vec_0.20,23,1.81598062954%,0.0%
SuperBoring,word2vec_0.20,24,1.68728908886%,0.0%
SuperBoring,word2vec_0.40,1,27.2727272727%,54.5454545455%
SuperBoring,word2vec_0.40,2,20.0%,25.0%
SuperBoring,word2vec_0.40,3,18.1818181818%,14.2857142857%
SuperBoring,word2vec_0.40,4,17.1428571429%,30.7692307692%
SuperBoring,word2vec_0.40,5,10.0917431193%,18.9189189189%
SuperBoring,word2vec_0.40,6,12.676056338%,24.2424242424%
SuperBoring,word2vec_0.40,7,11.2582781457%,0.0%
SuperBoring,word2vec_0.40,8,9.75609756098%,0.0%
SuperBoring,word2vec_0.40,9,9.55056179775%,14.2857142857%
SuperBoring,word2vec_0.40,10,9.09090909091%,15.0%
SuperBoring,word2vec_0.40,11,6.77419354839%,9.82142857143%
SuperBoring,word2vec_0.40,12,5.73065902579%,10.2564102564%
SuperBoring,word2vec_0.40,13,6.12813370474%,20.0%
SuperBoring,word2vec_0.40,14,5.53097345133%,8.60215053763%
SuperBoring,word2vec_0.40,15,6.13861386139%,15.0943396226%
SuperBoring,word2vec_0.40,16,5.66318926975%,9.03614457831%
SuperBoring,word2vec_0.40,17,5.89970501475%,28.5714285714%
SuperBoring,word2vec_0.40,18,5.5152394775%,0.0%
SuperBoring,word2vec_0.40,19,5.42857142857%,0.0%
SuperBoring,word2vec_0.40,20,5.49295774648%,10.0%
SuperBoring,word2vec_0.40,21,5.28301886792%,5.88235294118%
SuperBoring,word2vec_0.40,22,5.44554455446%,15.3846153846%
SuperBoring,word2vec_0.40,23,5.20581113801%,0.0%
SuperBoring,word2vec_0.40,24,4.61192350956%,0.0%
SuperBoring,word2vec_0.60,1,81.8181818182%,90.9090909091%
SuperBoring,word2vec_0.60,2,53.3333333333%,25.0%
SuperBoring,word2vec_0.60,3,45.4545454545%,42.8571428571%
SuperBoring,word2vec_0.60,4,45.7142857143%,61.5384615385%
SuperBoring,word2vec_0.60,5,36.6972477064%,52.7027027027%
SuperBoring,word2vec_0.60,6,35.9154929577%,48.4848484848%
SuperBoring,word2vec_0.60,7,34.4370860927%,44.4444444444%
SuperBoring,word2vec_0.60,8,31.7073170732%,23.0769230769%
SuperBoring,word2vec_0.60,9,30.8988764045%,42.8571428571%
SuperBoring,word2vec_0.60,10,28.2828282828%,20.0%
SuperBoring,word2vec_0.60,11,26.1290322581%,33.9285714286%
SuperBoring,word2vec_0.60,12,26.9340974212%,43.5897435897%
SuperBoring,word2vec_0.60,13,26.4623955432%,30.0%
SuperBoring,word2vec_0.60,14,25.6637168142%,34.4086021505%
SuperBoring,word2vec_0.60,15,24.9504950495%,32.0754716981%
SuperBoring,word2vec_0.60,16,21.9076005961%,27.7108433735%
SuperBoring,word2vec_0.60,17,21.9764011799%,28.5714285714%
SuperBoring,word2vec_0.60,18,21.1901306241%,9.09090909091%
SuperBoring,word2vec_0.60,19,21.0%,27.2727272727%
SuperBoring,word2vec_0.60,20,20.7042253521%,10.0%
SuperBoring,word2vec_0.60,21,19.1194968553%,20.0%
SuperBoring,word2vec_0.60,22,18.6881188119%,7.69230769231%
SuperBoring,word2vec_0.60,23,18.5230024213%,11.1111111111%
SuperBoring,word2vec_0.60,24,17.5478065242%,15.873015873%
SuperBoring,word2vec_0.80,1,100.0%,100.0%
SuperBoring,word2vec_0.80,2,86.6666666667%,75.0%
SuperBoring,word2vec_0.80,3,72.7272727273%,71.4285714286%
SuperBoring,word2vec_0.80,4,71.4285714286%,84.6153846154%
SuperBoring,word2vec_0.80,5,62.3853211009%,77.027027027%
SuperBoring,word2vec_0.80,6,58.4507042254%,63.6363636364%
SuperBoring,word2vec_0.80,7,56.2913907285%,55.5555555556%
SuperBoring,word2vec_0.80,8,54.2682926829%,61.5384615385%
SuperBoring,word2vec_0.80,9,55.0561797753%,71.4285714286%
SuperBoring,word2vec_0.80,10,51.0101010101%,40.0%
SuperBoring,word2vec_0.80,11,45.4838709677%,54.4642857143%
SuperBoring,word2vec_0.80,12,44.4126074499%,51.2820512821%
SuperBoring,word2vec_0.80,13,43.7325905292%,50.0%
SuperBoring,word2vec_0.80,14,42.0353982301%,50.5376344086%
SuperBoring,word2vec_0.80,15,40.9900990099%,50.9433962264%
SuperBoring,word2vec_0.80,16,37.8539493294%,45.1807228916%
SuperBoring,word2vec_0.80,17,37.610619469%,28.5714285714%
SuperBoring,word2vec_0.80,18,37.0101596517%,27.2727272727%
SuperBoring,word2vec_0.80,19,37.0%,45.4545454545%
SuperBoring,word2vec_0.80,20,36.6197183099%,20.0%
SuperBoring,word2vec_0.80,21,35.3459119497%,40.0%
SuperBoring,word2vec_0.80,22,35.2722772277%,38.4615384615%
SuperBoring,word2vec_0.80,23,34.7457627119%,27.7777777778%
SuperBoring,word2vec_0.80,24,33.183352081%,30.1587301587%
Boring,nltk_0.20,1,77.7777777778%,88.8888888889%
Boring,nltk_0.20,2,73.0337078652%,81.8181818182%
Boring,nltk_0.20,3,69.9029126214%,71.4285714286%
Boring,nltk_0.20,4,69.4214876033%,77.7777777778%
Boring,nltk_0.20,5,58.75%,66.3865546218%
Boring,nltk_0.20,6,37.5722543353%,36.2007168459%
Boring,nltk_0.20,7,36.6482504604%,33.3333333333%
Boring,nltk_0.20,8,35.4497354497%,20.8333333333%
Boring,nltk_0.20,9,33.607907743%,30.0%
Boring,nltk_0.20,10,33.7115072934%,50.0%
Boring,nltk_0.20,11,32.4534161491%,25.9259259259%
Boring,nltk_0.20,12,29.7872340426%,18.0327868852%
Boring,nltk_0.20,13,29.8755186722%,38.8888888889%
Boring,nltk_0.20,14,28.3819628647%,6.45161290323%
Boring,nltk_0.20,15,28.5171102662%,31.4285714286%
Boring,nltk_0.20,16,28.2902829028%,33.3333333333%
Boring,nltk_0.20,17,28.4493284493%,50.0%
Boring,nltk_0.20,18,28.4009546539%,26.3157894737%
Boring,nltk_0.20,19,28.2201405152%,31.25%
Boring,nltk_0.20,20,27.3132664437%,23.2558139535%
Boring,nltk_0.20,21,27.0447110142%,25.0%
Boring,nltk_0.20,22,26.5877287406%,8.33333333333%
Boring,nltk_0.20,23,26.2765957447%,36.3636363636%
Boring,nltk_0.40,1,86.6666666667%,93.3333333333%
Boring,nltk_0.40,2,80.8988764045%,86.3636363636%
Boring,nltk_0.40,3,78.640776699%,78.5714285714%
Boring,nltk_0.40,4,78.5123966942%,83.3333333333%
Boring,nltk_0.40,5,64.5833333333%,69.7478991597%
Boring,nltk_0.40,6,43.9306358382%,44.4444444444%
Boring,nltk_0.40,7,43.2780847145%,50.0%
Boring,nltk_0.40,8,42.328042328%,37.5%
Boring,nltk_0.40,9,41.3509060956%,50.0%
Boring,nltk_0.40,10,41.3290113452%,50.0%
Boring,nltk_0.40,11,40.0621118012%,37.037037037%
Boring,nltk_0.40,12,38.1560283688%,31.1475409836%
Boring,nltk_0.40,13,38.3125864454%,55.5555555556%
Boring,nltk_0.40,14,36.7374005305%,12.9032258065%
Boring,nltk_0.40,15,37.0088719899%,51.4285714286%
Boring,nltk_0.40,16,36.5313653137%,37.5%
Boring,nltk_0.40,17,36.7521367521%,66.6666666667%
Boring,nltk_0.40,18,36.5155131265%,31.5789473684%
Boring,nltk_0.40,19,36.1826697892%,37.5%
Boring,nltk_0.40,20,35.2285395764%,41.8604651163%
Boring,nltk_0.40,21,34.7873500545%,30.0%
Boring,nltk_0.40,22,34.2303552207%,8.33333333333%
Boring,nltk_0.40,23,33.829787234%,36.3636363636%
Boring,nltk_0.60,1,91.1111111111%,95.5555555556%
Boring,nltk_0.60,2,84.2696629213%,88.6363636364%
Boring,nltk_0.60,3,81.5533980583%,78.5714285714%
Boring,nltk_0.60,4,80.9917355372%,83.3333333333%
Boring,nltk_0.60,5,70.4166666667%,76.4705882353%
Boring,nltk_0.60,6,52.0231213873%,53.0465949821%
Boring,nltk_0.60,7,51.197053407%,58.3333333333%
Boring,nltk_0.60,8,50.7936507937%,50.0%
Boring,nltk_0.60,9,49.4233937397%,55.0%
Boring,nltk_0.60,10,49.43273906%,60.0%
Boring,nltk_0.60,11,48.9130434783%,55.5555555556%
Boring,nltk_0.60,12,45.8156028369%,34.4262295082%
Boring,nltk_0.60,13,46.0580912863%,61.1111111111%
Boring,nltk_0.60,14,44.2970822281%,22.5806451613%
Boring,nltk_0.60,15,44.3599493029%,57.1428571429%
Boring,nltk_0.60,16,43.7884378844%,45.8333333333%
Boring,nltk_0.60,17,43.956043956%,66.6666666667%
Boring,nltk_0.60,18,43.4367541766%,36.8421052632%
Boring,nltk_0.60,19,42.8571428571%,37.5%
Boring,nltk_0.60,20,41.9175027871%,46.511627907%
Boring,nltk_0.60,21,41.3304252999%,35.0%
Boring,nltk_0.60,22,40.4736275565%,8.33333333333%
Boring,nltk_0.60,23,40.0%,36.3636363636%
Boring,nltk_0.80,1,91.1111111111%,95.5555555556%
Boring,nltk_0.80,2,84.2696629213%,88.6363636364%
Boring,nltk_0.80,3,81.5533980583%,78.5714285714%
Boring,nltk_0.80,4,80.9917355372%,83.3333333333%
Boring,nltk_0.80,5,70.4166666667%,76.4705882353%
Boring,nltk_0.80,6,52.0231213873%,53.0465949821%
Boring,nltk_0.80,7,51.197053407%,58.3333333333%
Boring,nltk_0.80,8,50.7936507937%,50.0%
Boring,nltk_0.80,9,49.4233937397%,55.0%
Boring,nltk_0.80,10,49.43273906%,60.0%
Boring,nltk_0.80,11,48.9130434783%,55.5555555556%
Boring,nltk_0.80,12,45.8156028369%,34.4262295082%
Boring,nltk_0.80,13,46.0580912863%,61.1111111111%
Boring,nltk_0.80,14,44.2970822281%,22.5806451613%
Boring,nltk_0.80,15,44.3599493029%,57.1428571429%
Boring,nltk_0.80,16,43.7884378844%,45.8333333333%
Boring,nltk_0.80,17,43.956043956%,66.6666666667%
Boring,nltk_0.80,18,43.4367541766%,36.8421052632%
Boring,nltk_0.80,19,42.8571428571%,37.5%
Boring,nltk_0.80,20,41.9175027871%,46.511627907%
Boring,nltk_0.80,21,41.3304252999%,35.0%
Boring,nltk_0.80,22,40.4736275565%,8.33333333333%
Boring,nltk_0.80,23,40.0%,36.3636363636%
Boring,word2vec_0.20,1,8.88888888889%,26.6666666667%
Boring,word2vec_0.20,2,5.61797752809%,2.27272727273%
Boring,word2vec_0.20,3,5.82524271845%,7.14285714286%
Boring,word2vec_0.20,4,6.61157024793%,11.1111111111%
Boring,word2vec_0.20,5,4.58333333333%,4.20168067227%
Boring,word2vec_0.20,6,2.11946050096%,2.50896057348%
Boring,word2vec_0.20,7,2.394106814%,8.33333333333%
Boring,word2vec_0.20,8,2.29276895944%,4.16666666667%
Boring,word2vec_0.20,9,2.30642504119%,5.0%
Boring,word2vec_0.20,10,2.26904376013%,0.0%
Boring,word2vec_0.20,11,2.32919254658%,3.7037037037%
Boring,word2vec_0.20,12,2.12765957447%,0.0%
Boring,word2vec_0.20,13,2.21300138313%,5.55555555556%
Boring,word2vec_0.20,14,2.12201591512%,0.0%
Boring,word2vec_0.20,15,2.154626109%,2.85714285714%
Boring,word2vec_0.20,16,2.21402214022%,4.16666666667%
Boring,word2vec_0.20,17,2.3199023199%,16.6666666667%
Boring,word2vec_0.20,18,2.62529832936%,15.7894736842%
Boring,word2vec_0.20,19,2.57611241218%,0.0%
Boring,word2vec_0.20,20,2.5641025641%,2.32558139535%
Boring,word2vec_0.20,21,2.50817884406%,0.0%
Boring,word2vec_0.20,22,2.47578040904%,0.0%
Boring,word2vec_0.20,23,2.44680851064%,0.0%
Boring,word2vec_0.40,1,48.8888888889%,66.6666666667%
Boring,word2vec_0.40,2,22.4719101124%,25.0%
Boring,word2vec_0.40,3,17.4757281553%,14.2857142857%
Boring,word2vec_0.40,4,17.3553719008%,27.7777777778%
Boring,word2vec_0.40,5,9.16666666667%,7.56302521008%
Boring,word2vec_0.40,6,5.97302504817%,7.52688172043%
Boring,word2vec_0.40,7,6.26151012891%,12.5%
Boring,word2vec_0.40,8,5.99647266314%,4.16666666667%
Boring,word2vec_0.40,9,5.43657331137%,5.0%
Boring,word2vec_0.40,10,5.18638573744%,0.0%
Boring,word2vec_0.40,11,5.27950310559%,7.40740740741%
Boring,word2vec_0.40,12,5.24822695035%,4.91803278689%
Boring,word2vec_0.40,13,5.39419087137%,11.1111111111%
Boring,word2vec_0.40,14,5.1724137931%,0.0%
Boring,word2vec_0.40,15,4.94296577947%,2.85714285714%
Boring,word2vec_0.40,16,5.16605166052%,12.5%
Boring,word2vec_0.40,17,5.12820512821%,16.6666666667%
Boring,word2vec_0.40,18,5.4892601432%,21.0526315789%
Boring,word2vec_0.40,19,5.15222482436%,6.25%
Boring,word2vec_0.40,20,4.68227424749%,6.97674418605%
Boring,word2vec_0.40,21,4.79825517993%,10.0%
Boring,word2vec_0.40,22,4.73627556512%,0.0%
Boring,word2vec_0.40,23,4.68085106383%,0.0%
Boring,word2vec_0.60,1,77.7777777778%,88.8888888889%
Boring,word2vec_0.60,2,68.5393258427%,77.2727272727%
Boring,word2vec_0.60,3,60.1941747573%,50.0%
Boring,word2vec_0.60,4,61.1570247934%,72.2222222222%
Boring,word2vec_0.60,5,39.1666666667%,41.1764705882%
Boring,word2vec_0.60,6,25.6262042389%,29.3906810036%
Boring,word2vec_0.60,7,25.5985267035%,33.3333333333%
Boring,word2vec_0.60,8,24.8677248677%,20.8333333333%
Boring,word2vec_0.60,9,24.2174629325%,32.5%
Boring,word2vec_0.60,10,23.6628849271%,30.0%
Boring,word2vec_0.60,11,23.1366459627%,22.2222222222%
Boring,word2vec_0.60,12,21.4184397163%,16.393442623%
Boring,word2vec_0.60,13,21.7150760719%,38.8888888889%
Boring,word2vec_0.60,14,21.0875331565%,9.67741935484%
Boring,word2vec_0.60,15,20.9125475285%,20.0%
Boring,word2vec_0.60,16,20.6642066421%,25.0%
Boring,word2vec_0.60,17,20.8791208791%,50.0%
Boring,word2vec_0.60,18,21.0023866348%,31.5789473684%
Boring,word2vec_0.60,19,20.8430913349%,25.0%
Boring,word2vec_0.60,20,19.9554069119%,23.2558139535%
Boring,word2vec_0.60,21,19.7382769902%,20.0%
Boring,word2vec_0.60,22,19.2680301399%,0.0%
Boring,word2vec_0.60,23,19.2553191489%,18.1818181818%
Boring,word2vec_0.80,1,91.1111111111%,95.5555555556%
Boring,word2vec_0.80,2,84.2696629213%,88.6363636364%
Boring,word2vec_0.80,3,81.5533980583%,78.5714285714%
Boring,word2vec_0.80,4,80.9917355372%,83.3333333333%
Boring,word2vec_0.80,5,69.5833333333%,75.6302521008%
Boring,word2vec_0.80,6,50.289017341%,51.6129032258%
Boring,word2vec_0.80,7,49.5395948435%,58.3333333333%
Boring,word2vec_0.80,8,49.2063492063%,50.0%
Boring,word2vec_0.80,9,47.9406919275%,55.0%
Boring,word2vec_0.80,10,47.9740680713%,60.0%
Boring,word2vec_0.80,11,47.5155279503%,51.8518518519%
Boring,word2vec_0.80,12,44.5390070922%,34.4262295082%
Boring,word2vec_0.80,13,44.8132780083%,61.1111111111%
Boring,word2vec_0.80,14,43.1034482759%,22.5806451613%
Boring,word2vec_0.80,15,42.9657794677%,51.4285714286%
Boring,word2vec_0.80,16,42.4354243542%,45.8333333333%
Boring,word2vec_0.80,17,42.6129426129%,66.6666666667%
Boring,word2vec_0.80,18,42.1241050119%,36.8421052632%
Boring,word2vec_0.80,19,41.5690866511%,37.5%
Boring,word2vec_0.80,20,40.6911928651%,44.1860465116%
Boring,word2vec_0.80,21,40.1308615049%,35.0%
Boring,word2vec_0.80,22,39.2895586652%,8.33333333333%
Boring,word2vec_0.80,23,38.6170212766%,27.2727272727%
Normal,nltk_0.20,1,78.3783783784%,86.4864864865%
Normal,nltk_0.20,2,79.5918367347%,91.6666666667%
Normal,nltk_0.20,3,81.8181818182%,100.0%
Normal,nltk_0.20,4,77.4647887324%,81.25%
Normal,nltk_0.20,5,62.2047244094%,66.0714285714%
Normal,nltk_0.20,6,61.7647058824%,77.7777777778%
Normal,nltk_0.20,7,60.4166666667%,62.5%
Normal,nltk_0.20,8,61.7834394904%,84.6153846154%
Normal,nltk_0.20,9,59.3939393939%,50.0%
Normal,nltk_0.20,10,56.4516129032%,52.380952381%
Normal,nltk_0.20,11,51.376146789%,46.875%
Normal,nltk_0.20,12,50.4273504274%,56.25%
Normal,nltk_0.20,13,48.7704918033%,40.0%
Normal,nltk_0.20,14,49.609375%,75.0%
Normal,nltk_0.20,15,46.1290322581%,44.4444444444%
Normal,nltk_0.20,16,45.5384615385%,46.6666666667%
Normal,nltk_0.20,17,43.4017595308%,25.0%
Normal,nltk_0.20,18,40.5152224824%,50.0%
Normal,nltk_0.20,19,37.9310344828%,29.7297297297%
Normal,nltk_0.20,20,33.2797427653%,36.0759493671%
Normal,nltk_0.20,21,33.1738437002%,20.0%
Normal,nltk_0.20,22,31.5315315315%,20.5128205128%
Normal,nltk_0.20,23,29.476584022%,28.3333333333%
Normal,nltk_0.20,24,28.0442804428%,31.0344827586%
Normal,nltk_0.20,25,27.8113663845%,21.4285714286%
Normal,nltk_0.20,26,27.5%,15.3846153846%
Normal,nltk_0.20,27,27.3988439306%,28.0%
Normal,nltk_0.20,28,27.2311212815%,44.4444444444%
Normal,nltk_0.20,29,27.149321267%,30.0%
Normal,nltk_0.20,30,26.2813522356%,18.1818181818%
Normal,nltk_0.20,31,26.1241970021%,23.5294117647%
Normal,nltk_0.20,32,25.7655755016%,7.69230769231%
Normal,nltk_0.20,33,24.3528283797%,21.875%
Normal,nltk_0.20,34,21.7576791809%,17.0542635659%
Normal,nltk_0.20,35,20.6285253828%,18.8405797101%
Normal,nltk_0.20,36,20.157480315%,13.7931034483%
Normal,nltk_0.20,37,19.9374511337%,0.0%
Normal,nltk_0.20,38,20.6240487062%,51.4285714286%
Normal,nltk_0.20,39,20.6193353474%,30.0%
Normal,nltk_0.20,40,20.7772795217%,35.7142857143%
Normal,nltk_0.20,41,20.7126948775%,11.1111111111%
Normal,nltk_0.20,42,20.5731080088%,7.14285714286%
Normal,nltk_0.20,43,20.2939118265%,22.0588235294%
Normal,nltk_0.20,44,20.3626220363%,40.0%
Normal,nltk_0.20,45,20.4181184669%,100.0%
Normal,nltk_0.40,1,81.0810810811%,89.1891891892%
Normal,nltk_0.40,2,81.6326530612%,91.6666666667%
Normal,nltk_0.40,3,83.6363636364%,100.0%
Normal,nltk_0.40,4,78.8732394366%,81.25%
Normal,nltk_0.40,5,62.9921259843%,67.8571428571%
Normal,nltk_0.40,6,62.5%,77.7777777778%
Normal,nltk_0.40,7,63.1944444444%,87.5%
Normal,nltk_0.40,8,64.3312101911%,84.6153846154%
Normal,nltk_0.40,9,61.8181818182%,50.0%
Normal,nltk_0.40,10,58.6021505376%,52.380952381%
Normal,nltk_0.40,11,55.0458715596%,59.375%
Normal,nltk_0.40,12,53.4188034188%,56.25%
Normal,nltk_0.40,13,51.6393442623%,40.0%
Normal,nltk_0.40,14,51.953125%,75.0%
Normal,nltk_0.40,15,51.2903225806%,62.962962963%
Normal,nltk_0.40,16,50.1538461538%,46.6666666667%
Normal,nltk_0.40,17,47.8005865103%,31.25%
Normal,nltk_0.40,18,46.1358313817%,59.3023255814%
Normal,nltk_0.40,19,43.5344827586%,37.8378378378%
Normal,nltk_0.40,20,38.424437299%,43.6708860759%
Normal,nltk_0.40,21,38.2775119617%,20.0%
Normal,nltk_0.40,22,36.4864864865%,23.0769230769%
Normal,nltk_0.40,23,34.435261708%,35.0%
Normal,nltk_0.40,24,32.9643296433%,36.7816091954%
Normal,nltk_0.40,25,32.76904474%,28.5714285714%
Normal,nltk_0.40,26,32.2619047619%,15.3846153846%
Normal,nltk_0.40,27,32.0231213873%,32.0%
Normal,nltk_0.40,28,31.8077803204%,44.4444444444%
Normal,nltk_0.40,29,31.9004524887%,40.0%
Normal,nltk_0.40,30,30.7524536532%,27.2727272727%
Normal,nltk_0.40,31,30.835117773%,35.2941176471%
Normal,nltk_0.40,32,30.3062302006%,7.69230769231%
Normal,nltk_0.40,33,29.0508149569%,31.25%
Normal,nltk_0.40,34,27.3037542662%,29.4573643411%
Normal,nltk_0.40,35,25.946817083%,26.0869565217%
Normal,nltk_0.40,36,25.5118110236%,27.5862068966%
Normal,nltk_0.40,37,25.3322908522%,22.2222222222%
Normal,nltk_0.40,38,26.6362252664%,80.0%
Normal,nltk_0.40,39,26.5105740181%,30.0%
Normal,nltk_0.40,40,26.8310911809%,57.1428571429%
Normal,nltk_0.40,41,26.7260579065%,22.2222222222%
Normal,nltk_0.40,42,26.5246142542%,14.2857142857%
Normal,nltk_0.40,43,26.8019594122%,39.7058823529%
Normal,nltk_0.40,44,26.9177126918%,60.0%
Normal,nltk_0.40,45,26.968641115%,100.0%
Normal,nltk_0.60,1,81.0810810811%,89.1891891892%
Normal,nltk_0.60,2,81.6326530612%,91.6666666667%
Normal,nltk_0.60,3,83.6363636364%,100.0%
Normal,nltk_0.60,4,84.5070422535%,93.75%
Normal,nltk_0.60,5,71.6535433071%,75.0%
Normal,nltk_0.60,6,70.5882352941%,77.7777777778%
Normal,nltk_0.60,7,72.2222222222%,100.0%
Normal,nltk_0.60,8,72.6114649682%,84.6153846154%
Normal,nltk_0.60,9,72.1212121212%,75.0%
Normal,nltk_0.60,10,69.3548387097%,61.9047619048%
Normal,nltk_0.60,11,66.0550458716%,65.625%
Normal,nltk_0.60,12,62.8205128205%,56.25%
Normal,nltk_0.60,13,61.0655737705%,50.0%
Normal,nltk_0.60,14,60.9375%,75.0%
Normal,nltk_0.60,15,59.6774193548%,66.6666666667%
Normal,nltk_0.60,16,58.7692307692%,53.3333333333%
Normal,nltk_0.60,17,57.1847507331%,50.0%
Normal,nltk_0.60,18,54.5667447307%,63.9534883721%
Normal,nltk_0.60,19,52.5862068966%,48.6486486486%
Normal,nltk_0.60,20,45.9807073955%,48.7341772152%
Normal,nltk_0.60,21,45.7735247209%,40.0%
Normal,nltk_0.60,22,43.993993994%,33.3333333333%
Normal,nltk_0.60,23,42.2865013774%,43.3333333333%
Normal,nltk_0.60,24,40.098400984%,41.3793103448%
Normal,nltk_0.60,25,39.5405078597%,28.5714285714%
Normal,nltk_0.60,26,39.1666666667%,23.0769230769%
Normal,nltk_0.60,27,39.0751445087%,44.0%
Normal,nltk_0.60,28,39.1304347826%,66.6666666667%
Normal,nltk_0.60,29,38.9140271493%,40.0%
Normal,nltk_0.60,30,37.840785169%,42.4242424242%
Normal,nltk_0.60,31,37.687366167%,41.1764705882%
Normal,nltk_0.60,32,37.1700105597%,15.3846153846%
Normal,nltk_0.60,33,35.8581016299%,40.625%
Normal,nltk_0.60,34,33.8737201365%,36.4341085271%
Normal,nltk_0.60,35,32.4738114424%,33.3333333333%
Normal,nltk_0.60,36,32.125984252%,37.9310344828%
Normal,nltk_0.60,37,31.9781078968%,33.3333333333%
Normal,nltk_0.60,38,33.1050228311%,80.0%
Normal,nltk_0.60,39,33.0060422961%,40.0%
Normal,nltk_0.60,40,33.2585949178%,57.1428571429%
Normal,nltk_0.60,41,33.1106161841%,22.2222222222%
Normal,nltk_0.60,42,32.9904481999%,28.5714285714%
Normal,nltk_0.60,43,32.8201539538%,42.6470588235%
Normal,nltk_0.60,44,32.9149232915%,60.0%
Normal,nltk_0.60,45,32.9616724739%,100.0%
Normal,nltk_0.80,1,81.0810810811%,89.1891891892%
Normal,nltk_0.80,2,81.6326530612%,91.6666666667%
Normal,nltk_0.80,3,83.6363636364%,100.0%
Normal,nltk_0.80,4,84.5070422535%,93.75%
Normal,nltk_0.80,5,71.6535433071%,75.0%
Normal,nltk_0.80,6,70.5882352941%,77.7777777778%
Normal,nltk_0.80,7,72.2222222222%,100.0%
Normal,nltk_0.80,8,72.6114649682%,84.6153846154%
Normal,nltk_0.80,9,72.1212121212%,75.0%
Normal,nltk_0.80,10,69.3548387097%,61.9047619048%
Normal,nltk_0.80,11,66.0550458716%,65.625%
Normal,nltk_0.80,12,62.8205128205%,56.25%
Normal,nltk_0.80,13,61.0655737705%,50.0%
Normal,nltk_0.80,14,60.9375%,75.0%
Normal,nltk_0.80,15,59.6774193548%,66.6666666667%
Normal,nltk_0.80,16,58.7692307692%,53.3333333333%
Normal,nltk_0.80,17,57.1847507331%,50.0%
Normal,nltk_0.80,18,54.5667447307%,63.9534883721%
Normal,nltk_0.80,19,52.5862068966%,48.6486486486%
Normal,nltk_0.80,20,45.9807073955%,48.7341772152%
Normal,nltk_0.80,21,45.7735247209%,40.0%
Normal,nltk_0.80,22,43.993993994%,33.3333333333%
Normal,nltk_0.80,23,42.2865013774%,43.3333333333%
Normal,nltk_0.80,24,40.098400984%,41.3793103448%
Normal,nltk_0.80,25,39.5405078597%,28.5714285714%
Normal,nltk_0.80,26,39.1666666667%,23.0769230769%
Normal,nltk_0.80,27,39.0751445087%,44.0%
Normal,nltk_0.80,28,39.1304347826%,66.6666666667%
Normal,nltk_0.80,29,38.9140271493%,40.0%
Normal,nltk_0.80,30,37.840785169%,42.4242424242%
Normal,nltk_0.80,31,37.687366167%,41.1764705882%
Normal,nltk_0.80,32,37.1700105597%,15.3846153846%
Normal,nltk_0.80,33,35.8581016299%,40.625%
Normal,nltk_0.80,34,33.8737201365%,36.4341085271%
Normal,nltk_0.80,35,32.4738114424%,33.3333333333%
Normal,nltk_0.80,36,32.125984252%,37.9310344828%
Normal,nltk_0.80,37,31.9781078968%,33.3333333333%
Normal,nltk_0.80,38,33.1050228311%,80.0%
Normal,nltk_0.80,39,33.0060422961%,40.0%
Normal,nltk_0.80,40,33.2585949178%,57.1428571429%
Normal,nltk_0.80,41,33.1106161841%,22.2222222222%
Normal,nltk_0.80,42,32.9904481999%,28.5714285714%
Normal,nltk_0.80,43,32.8201539538%,42.6470588235%
Normal,nltk_0.80,44,32.9149232915%,60.0%
Normal,nltk_0.80,45,32.9616724739%,100.0%
Normal,word2vec_0.20,1,5.40540540541%,18.9189189189%
Normal,word2vec_0.20,2,2.04081632653%,0.0%
Normal,word2vec_0.20,3,1.81818181818%,0.0%
Normal,word2vec_0.20,4,2.81690140845%,6.25%
Normal,word2vec_0.20,5,4.72440944882%,12.5%
Normal,word2vec_0.20,6,5.14705882353%,11.1111111111%
Normal,word2vec_0.20,7,4.16666666667%,12.5%
Normal,word2vec_0.20,8,3.1847133758%,0.0%
Normal,word2vec_0.20,9,3.0303030303%,0.0%
Normal,word2vec_0.20,10,2.68817204301%,0.0%
Normal,word2vec_0.20,11,2.75229357798%,3.125%
Normal,word2vec_0.20,12,2.99145299145%,6.25%
Normal,word2vec_0.20,13,3.68852459016%,20.0%
Normal,word2vec_0.20,14,4.296875%,16.6666666667%
Normal,word2vec_0.20,15,4.1935483871%,3.7037037037%
Normal,word2vec_0.20,16,4.0%,0.0%
Normal,word2vec_0.20,17,3.81231671554%,0.0%
Normal,word2vec_0.20,18,3.04449648712%,2.32558139535%
Normal,word2vec_0.20,19,2.80172413793%,2.7027027027%
Normal,word2vec_0.20,20,2.73311897106%,5.06329113924%
Normal,word2vec_0.20,21,2.71132376396%,0.0%
Normal,word2vec_0.20,22,2.7027027027%,2.5641025641%
Normal,word2vec_0.20,23,2.61707988981%,1.66666666667%
Normal,word2vec_0.20,24,2.46002460025%,3.44827586207%
Normal,word2vec_0.20,25,2.41837968561%,7.14285714286%
Normal,word2vec_0.20,26,2.38095238095%,0.0%
Normal,word2vec_0.20,27,2.31213872832%,4.0%
Normal,word2vec_0.20,28,2.28832951945%,0.0%
Normal,word2vec_0.20,29,2.37556561086%,10.0%
Normal,word2vec_0.20,30,2.29007633588%,0.0%
Normal,word2vec_0.20,31,2.24839400428%,0.0%
Normal,word2vec_0.20,32,2.21752903907%,0.0%
Normal,word2vec_0.20,33,2.01342281879%,0.0%
Normal,word2vec_0.20,34,1.96245733788%,2.32558139535%
Normal,word2vec_0.20,35,1.85334407736%,2.89855072464%
Normal,word2vec_0.20,36,1.81102362205%,0.0%
Normal,word2vec_0.20,37,1.87646598905%,11.1111111111%
Normal,word2vec_0.20,38,1.90258751903%,2.85714285714%
Normal,word2vec_0.20,39,1.88821752266%,0.0%
Normal,word2vec_0.20,40,1.94319880419%,14.2857142857%
Normal,word2vec_0.20,41,1.93021529324%,0.0%
Normal,word2vec_0.20,42,1.91036002939%,0.0%
Normal,word2vec_0.20,43,1.88943317005%,2.94117647059%
Normal,word2vec_0.20,44,1.88284518828%,0.0%
Normal,word2vec_0.20,45,1.9512195122%,100.0%
Normal,word2vec_0.40,1,18.9189189189%,40.5405405405%
Normal,word2vec_0.40,2,26.5306122449%,58.3333333333%
Normal,word2vec_0.40,3,25.4545454545%,33.3333333333%
Normal,word2vec_0.40,4,19.7183098592%,18.75%
Normal,word2vec_0.40,5,15.7480314961%,30.3571428571%
Normal,word2vec_0.40,6,16.1764705882%,22.2222222222%
Normal,word2vec_0.40,7,15.2777777778%,12.5%
Normal,word2vec_0.40,8,14.6496815287%,15.3846153846%
Normal,word2vec_0.40,9,12.7272727273%,12.5%
Normal,word2vec_0.40,10,10.752688172%,9.52380952381%
Normal,word2vec_0.40,11,9.63302752294%,6.25%
Normal,word2vec_0.40,12,9.40170940171%,6.25%
Normal,word2vec_0.40,13,9.4262295082%,20.0%
Normal,word2vec_0.40,14,9.765625%,16.6666666667%
Normal,word2vec_0.40,15,9.67741935484%,14.8148148148%
Normal,word2vec_0.40,16,8.92307692308%,0.0%
Normal,word2vec_0.40,17,7.91788856305%,6.25%
Normal,word2vec_0.40,18,6.55737704918%,9.3023255814%
Normal,word2vec_0.40,19,5.60344827586%,5.40540540541%
Normal,word2vec_0.40,20,5.46623794212%,10.1265822785%
Normal,word2vec_0.40,21,5.42264752791%,0.0%
Normal,word2vec_0.40,22,5.55555555556%,10.2564102564%
Normal,word2vec_0.40,23,5.64738292011%,10.0%
Normal,word2vec_0.40,24,5.16605166052%,5.74712643678%
Normal,word2vec_0.40,25,5.07859733978%,7.14285714286%
Normal,word2vec_0.40,26,5.11904761905%,7.69230769231%
Normal,word2vec_0.40,27,5.20231213873%,8.0%
Normal,word2vec_0.40,28,5.26315789474%,11.1111111111%
Normal,word2vec_0.40,29,5.31674208145%,10.0%
Normal,word2vec_0.40,30,5.23446019629%,3.0303030303%
Normal,word2vec_0.40,31,5.1391862955%,5.88235294118%
Normal,word2vec_0.40,32,5.06863780359%,0.0%
Normal,word2vec_0.40,33,4.31447746884%,3.125%
Normal,word2vec_0.40,34,4.01023890785%,4.6511627907%
Normal,word2vec_0.40,35,3.62610797744%,1.44927536232%
Normal,word2vec_0.40,36,3.70078740157%,6.89655172414%
Normal,word2vec_0.40,37,3.75293197811%,11.1111111111%
Normal,word2vec_0.40,38,3.57686453577%,2.85714285714%
Normal,word2vec_0.40,39,3.47432024169%,10.0%
Normal,word2vec_0.40,40,3.51270553064%,7.14285714286%
Normal,word2vec_0.40,41,3.56347438753%,11.1111111111%
Normal,word2vec_0.40,42,3.5268185158%,0.0%
Normal,word2vec_0.40,43,3.7088873338%,8.82352941176%
Normal,word2vec_0.40,44,3.6959553696%,0.0%
Normal,word2vec_0.40,45,3.76306620209%,100.0%
Normal,word2vec_0.60,1,62.1621621622%,78.3783783784%
Normal,word2vec_0.60,2,61.2244897959%,75.0%
Normal,word2vec_0.60,3,60.0%,66.6666666667%
Normal,word2vec_0.60,4,46.4788732394%,31.25%
Normal,word2vec_0.60,5,44.094488189%,58.9285714286%
Normal,word2vec_0.60,6,44.8529411765%,66.6666666667%
Normal,word2vec_0.60,7,45.1388888889%,50.0%
Normal,word2vec_0.60,8,46.4968152866%,69.2307692308%
Normal,word2vec_0.60,9,44.2424242424%,37.5%
Normal,word2vec_0.60,10,39.247311828%,33.3333333333%
Normal,word2vec_0.60,11,34.8623853211%,34.375%
Normal,word2vec_0.60,12,32.905982906%,25.0%
Normal,word2vec_0.60,13,31.9672131148%,20.0%
Normal,word2vec_0.60,14,32.8125%,66.6666666667%
Normal,word2vec_0.60,15,30.9677419355%,40.7407407407%
Normal,word2vec_0.60,16,29.8461538462%,26.6666666667%
Normal,word2vec_0.60,17,29.0322580645%,37.5%
Normal,word2vec_0.60,18,28.8056206089%,38.3720930233%
Normal,word2vec_0.60,19,27.5862068966%,29.7297297297%
Normal,word2vec_0.60,20,22.6688102894%,26.582278481%
Normal,word2vec_0.60,21,22.6475279107%,20.0%
Normal,word2vec_0.60,22,21.6216216216%,10.2564102564%
Normal,word2vec_0.60,23,20.6611570248%,21.6666666667%
Normal,word2vec_0.60,24,19.1881918819%,20.6896551724%
Normal,word2vec_0.60,25,19.1051995163%,21.4285714286%
Normal,word2vec_0.60,26,19.0476190476%,23.0769230769%
Normal,word2vec_0.60,27,18.9595375723%,20.0%
Normal,word2vec_0.60,28,19.1075514874%,44.4444444444%
Normal,word2vec_0.60,29,19.1176470588%,20.0%
Normal,word2vec_0.60,30,18.6477644493%,18.1818181818%
Normal,word2vec_0.60,31,18.8436830835%,29.4117647059%
Normal,word2vec_0.60,32,18.5850052798%,0.0%
Normal,word2vec_0.60,33,17.3537871524%,16.6666666667%
Normal,word2vec_0.60,34,15.7849829352%,17.0542635659%
Normal,word2vec_0.60,35,15.149073328%,17.3913043478%
Normal,word2vec_0.60,36,15.2755905512%,27.5862068966%
Normal,word2vec_0.60,37,15.1681000782%,22.2222222222%
Normal,word2vec_0.60,38,15.4490106545%,31.4285714286%
Normal,word2vec_0.60,39,15.4078549849%,20.0%
Normal,word2vec_0.60,40,15.5455904335%,35.7142857143%
Normal,word2vec_0.60,41,15.441722346%,11.1111111111%
Normal,word2vec_0.60,42,15.2828802351%,7.14285714286%
Normal,word2vec_0.60,43,15.1854443667%,25.0%
Normal,word2vec_0.60,44,15.0627615063%,0.0%
Normal,word2vec_0.60,45,15.1219512195%,100.0%
Normal,word2vec_0.80,1,81.0810810811%,89.1891891892%
Normal,word2vec_0.80,2,77.5510204082%,83.3333333333%
Normal,word2vec_0.80,3,80.0%,100.0%
Normal,word2vec_0.80,4,76.0563380282%,81.25%
Normal,word2vec_0.80,5,66.9291338583%,73.2142857143%
Normal,word2vec_0.80,6,66.1764705882%,77.7777777778%
Normal,word2vec_0.80,7,68.0555555556%,100.0%
Normal,word2vec_0.80,8,68.7898089172%,84.6153846154%
Normal,word2vec_0.80,9,68.4848484848%,75.0%
Normal,word2vec_0.80,10,66.1290322581%,61.9047619048%
Normal,word2vec_0.80,11,63.3027522936%,65.625%
Normal,word2vec_0.80,12,60.2564102564%,56.25%
Normal,word2vec_0.80,13,58.1967213115%,40.0%
Normal,word2vec_0.80,14,58.203125%,75.0%
Normal,word2vec_0.80,15,57.4193548387%,66.6666666667%
Normal,word2vec_0.80,16,56.6153846154%,53.3333333333%
Normal,word2vec_0.80,17,55.4252199413%,50.0%
Normal,word2vec_0.80,18,53.1615925059%,63.9534883721%
Normal,word2vec_0.80,19,50.4310344828%,43.2432432432%
Normal,word2vec_0.80,20,44.2122186495%,46.835443038%
Normal,word2vec_0.80,21,44.019138756%,40.0%
Normal,word2vec_0.80,22,42.042042042%,28.2051282051%
Normal,word2vec_0.80,23,40.4958677686%,43.3333333333%
Normal,word2vec_0.80,24,38.6223862239%,39.0804597701%
Normal,word2vec_0.80,25,38.0894800484%,28.5714285714%
Normal,word2vec_0.80,26,37.7380952381%,23.0769230769%
Normal,word2vec_0.80,27,37.8034682081%,44.0%
Normal,word2vec_0.80,28,37.8718535469%,66.6666666667%
Normal,word2vec_0.80,29,37.6696832579%,30.0%
Normal,word2vec_0.80,30,36.53217012%,39.3939393939%
Normal,word2vec_0.80,31,36.6167023555%,41.1764705882%
Normal,word2vec_0.80,32,36.1140443506%,15.3846153846%
Normal,word2vec_0.80,33,34.7075743049%,38.5416666667%
Normal,word2vec_0.80,34,32.6791808874%,34.8837209302%
Normal,word2vec_0.80,35,31.184528606%,30.4347826087%
Normal,word2vec_0.80,36,30.8661417323%,37.9310344828%
Normal,word2vec_0.80,37,30.7271305708%,33.3333333333%
Normal,word2vec_0.80,38,31.7351598174%,77.1428571429%
Normal,word2vec_0.80,39,31.6465256798%,40.0%
Normal,word2vec_0.80,40,31.913303438%,57.1428571429%
Normal,word2vec_0.80,41,31.7743132888%,22.2222222222%
Normal,word2vec_0.80,42,31.5944158707%,21.4285714286%
Normal,word2vec_0.80,43,31.4205738279%,41.1764705882%
Normal,word2vec_0.80,44,31.520223152%,60.0%
Normal,word2vec_0.80,45,31.5679442509%,100.0%
NewAtEnd,nltk_0.20,1,83.3333333333%,91.6666666667%
NewAtEnd,nltk_0.20,2,72.0%,76.9230769231%
NewAtEnd,nltk_0.20,3,60.7142857143%,67.7419354839%
NewAtEnd,nltk_0.20,4,57.5342465753%,64.7058823529%
NewAtEnd,nltk_0.20,5,46.4285714286%,27.2727272727%
NewAtEnd,nltk_0.20,6,44.7916666667%,41.6666666667%
NewAtEnd,nltk_0.20,7,41.9161676647%,54.9295774648%
NewAtEnd,nltk_0.20,8,40.3921568627%,54.5454545455%
NewAtEnd,nltk_0.20,9,38.8679245283%,10.0%
NewAtEnd,nltk_0.20,10,37.4100719424%,30.7692307692%
NewAtEnd,nltk_0.20,11,37.4622356495%,47.1698113208%
NewAtEnd,nltk_0.20,12,37.4269005848%,54.5454545455%
NewAtEnd,nltk_0.20,13,37.4285714286%,62.5%
NewAtEnd,nltk_0.20,14,37.2928176796%,50.0%
NewAtEnd,nltk_0.20,15,36.074270557%,33.3333333333%
NewAtEnd,nltk_0.20,16,36.3171355499%,50.0%
NewAtEnd,nltk_0.20,17,35.4679802956%,26.6666666667%
NewAtEnd,nltk_0.20,18,34.7826086957%,25.0%
NewAtEnd,nltk_0.20,19,34.4418052257%,42.8571428571%
NewAtEnd,nltk_0.20,20,33.5600907029%,25.0%
NewAtEnd,nltk_0.20,21,32.6043737575%,43.5483870968%
NewAtEnd,nltk_0.20,22,31.6504854369%,25.0%
NewAtEnd,nltk_0.20,23,31.2380952381%,30.0%
NewAtEnd,nltk_0.20,24,31.0091743119%,35.0%
NewAtEnd,nltk_0.20,25,30.890052356%,35.7142857143%
NewAtEnd,nltk_0.20,26,31.1004784689%,44.4444444444%
NewAtEnd,nltk_0.20,27,30.8411214953%,26.6666666667%
NewAtEnd,nltk_0.20,28,30.0911854103%,18.75%
NewAtEnd,nltk_0.20,29,29.1907514451%,26.4705882353%
NewAtEnd,nltk_0.20,30,26.9411764706%,31.0126582278%
NewAtEnd,nltk_0.20,31,26.783625731%,0.0%
NewAtEnd,nltk_0.20,32,25.7270693512%,20.5128205128%
NewAtEnd,nltk_0.20,33,24.7120418848%,27.868852459%
NewAtEnd,nltk_0.20,34,24.3801652893%,15.3846153846%
NewAtEnd,nltk_0.20,35,23.8430583501%,23.0769230769%
NewAtEnd,nltk_0.20,36,23.8522954092%,37.5%
NewAtEnd,nltk_0.20,37,22.1415607985%,18.0%
NewAtEnd,nltk_0.20,38,19.674796748%,13.28125%
NewAtEnd,nltk_0.20,39,19.3010325655%,10.3448275862%
NewAtEnd,nltk_0.20,40,18.7644787645%,13.8888888889%
NewAtEnd,nltk_0.20,41,19.6388261851%,58.8235294118%
NewAtEnd,nltk_0.20,42,19.776119403%,36.3636363636%
NewAtEnd,nltk_0.20,43,19.9404761905%,75.0%
NewAtEnd,nltk_0.20,44,20.0559049616%,37.9310344828%
NewAtEnd,nltk_0.20,45,20.0%,0.0%
NewAtEnd,nltk_0.40,1,83.3333333333%,91.6666666667%
NewAtEnd,nltk_0.40,2,72.0%,76.9230769231%
NewAtEnd,nltk_0.40,3,64.2857142857%,70.9677419355%
NewAtEnd,nltk_0.40,4,64.3835616438%,76.4705882353%
NewAtEnd,nltk_0.40,5,52.380952381%,27.2727272727%
NewAtEnd,nltk_0.40,6,47.9166666667%,41.6666666667%
NewAtEnd,nltk_0.40,7,47.3053892216%,61.9718309859%
NewAtEnd,nltk_0.40,8,45.0980392157%,57.9545454545%
NewAtEnd,nltk_0.40,9,43.3962264151%,10.0%
NewAtEnd,nltk_0.40,10,41.3669064748%,30.7692307692%
NewAtEnd,nltk_0.40,11,40.7854984894%,54.7169811321%
NewAtEnd,nltk_0.40,12,40.9356725146%,63.6363636364%
NewAtEnd,nltk_0.40,13,42.0%,87.5%
NewAtEnd,nltk_0.40,14,42.2651933702%,66.6666666667%
NewAtEnd,nltk_0.40,15,41.6445623342%,46.6666666667%
NewAtEnd,nltk_0.40,16,40.9207161125%,50.0%
NewAtEnd,nltk_0.40,17,39.9014778325%,26.6666666667%
NewAtEnd,nltk_0.40,18,38.8888888889%,25.0%
NewAtEnd,nltk_0.40,19,38.7173396675%,57.1428571429%
NewAtEnd,nltk_0.40,20,38.3219954649%,35.0%
NewAtEnd,nltk_0.40,21,37.773359841%,53.2258064516%
NewAtEnd,nltk_0.40,22,36.6990291262%,33.3333333333%
NewAtEnd,nltk_0.40,23,36.5714285714%,50.0%
NewAtEnd,nltk_0.40,24,35.9633027523%,35.0%
NewAtEnd,nltk_0.40,25,35.7766143106%,42.8571428571%
NewAtEnd,nltk_0.40,26,36.68261563%,59.2592592593%
NewAtEnd,nltk_0.40,27,36.7601246106%,46.6666666667%
NewAtEnd,nltk_0.40,28,36.0182370821%,25.0%
NewAtEnd,nltk_0.40,29,34.9710982659%,35.2941176471%
NewAtEnd,nltk_0.40,30,33.2941176471%,43.0379746835%
NewAtEnd,nltk_0.40,31,33.216374269%,20.0%
NewAtEnd,nltk_0.40,32,31.7673378076%,20.5128205128%
NewAtEnd,nltk_0.40,33,30.890052356%,37.7049180328%
NewAtEnd,nltk_0.40,34,30.3719008264%,15.3846153846%
NewAtEnd,nltk_0.40,35,29.6780684105%,26.9230769231%
NewAtEnd,nltk_0.40,36,29.5409181637%,37.5%
NewAtEnd,nltk_0.40,37,28.0399274047%,28.0%
NewAtEnd,nltk_0.40,38,26.3414634146%,28.125%
NewAtEnd,nltk_0.40,39,26.0524225576%,31.0344827586%
NewAtEnd,nltk_0.40,40,25.4826254826%,25.0%
NewAtEnd,nltk_0.40,41,26.7118133935%,79.4117647059%
NewAtEnd,nltk_0.40,42,26.7910447761%,54.5454545455%
NewAtEnd,nltk_0.40,43,26.9345238095%,75.0%
NewAtEnd,nltk_0.40,44,27.0440251572%,47.1264367816%
NewAtEnd,nltk_0.40,45,26.968641115%,0.0%
NewAtEnd,nltk_0.60,1,83.3333333333%,91.6666666667%
NewAtEnd,nltk_0.60,2,84.0%,92.3076923077%
NewAtEnd,nltk_0.60,3,71.4285714286%,77.4193548387%
NewAtEnd,nltk_0.60,4,71.2328767123%,82.3529411765%
NewAtEnd,nltk_0.60,5,61.9047619048%,45.4545454545%
NewAtEnd,nltk_0.60,6,58.3333333333%,50.0%
NewAtEnd,nltk_0.60,7,56.2874251497%,67.6056338028%
NewAtEnd,nltk_0.60,8,52.1568627451%,62.5%
NewAtEnd,nltk_0.60,9,49.8113207547%,10.0%
NewAtEnd,nltk_0.60,10,46.0431654676%,30.7692307692%
NewAtEnd,nltk_0.60,11,48.0362537764%,67.9245283019%
NewAtEnd,nltk_0.60,12,48.5380116959%,72.7272727273%
NewAtEnd,nltk_0.60,13,49.4285714286%,87.5%
NewAtEnd,nltk_0.60,14,50.0%,75.0%
NewAtEnd,nltk_0.60,15,48.8063660477%,46.6666666667%
NewAtEnd,nltk_0.60,16,47.3145780051%,50.0%
NewAtEnd,nltk_0.60,17,45.5665024631%,33.3333333333%
NewAtEnd,nltk_0.60,18,45.1690821256%,50.0%
NewAtEnd,nltk_0.60,19,44.6555819477%,57.1428571429%
NewAtEnd,nltk_0.60,20,44.2176870748%,40.0%
NewAtEnd,nltk_0.60,21,43.5387673956%,59.6774193548%
NewAtEnd,nltk_0.60,22,42.5242718447%,41.6666666667%
NewAtEnd,nltk_0.60,23,42.6666666667%,60.0%
NewAtEnd,nltk_0.60,24,41.8348623853%,35.0%
NewAtEnd,nltk_0.60,25,41.8848167539%,57.1428571429%
NewAtEnd,nltk_0.60,26,42.5837320574%,62.962962963%
NewAtEnd,nltk_0.60,27,42.6791277259%,53.3333333333%
NewAtEnd,nltk_0.60,28,41.7933130699%,31.25%
NewAtEnd,nltk_0.60,29,40.8959537572%,41.1764705882%
NewAtEnd,nltk_0.60,30,38.7058823529%,47.4683544304%
NewAtEnd,nltk_0.60,31,38.5964912281%,40.0%
NewAtEnd,nltk_0.60,32,37.3601789709%,30.7692307692%
NewAtEnd,nltk_0.60,33,36.335078534%,44.262295082%
NewAtEnd,nltk_0.60,34,35.9504132231%,23.0769230769%
NewAtEnd,nltk_0.60,35,35.3118712274%,30.7692307692%
NewAtEnd,nltk_0.60,36,35.4291417166%,62.5%
NewAtEnd,nltk_0.60,37,34.2105263158%,37.0%
NewAtEnd,nltk_0.60,38,32.5203252033%,35.9375%
NewAtEnd,nltk_0.60,39,32.4066719619%,41.3793103448%
NewAtEnd,nltk_0.60,40,31.9691119691%,33.3333333333%
NewAtEnd,nltk_0.60,41,33.0323551543%,79.4117647059%
NewAtEnd,nltk_0.60,42,33.2089552239%,63.6363636364%
NewAtEnd,nltk_0.60,43,33.3333333333%,75.0%
NewAtEnd,nltk_0.60,44,32.9839273235%,50.5747126437%
NewAtEnd,nltk_0.60,45,32.9616724739%,25.0%
NewAtEnd,nltk_0.80,1,83.3333333333%,91.6666666667%
NewAtEnd,nltk_0.80,2,84.0%,92.3076923077%
NewAtEnd,nltk_0.80,3,71.4285714286%,77.4193548387%
NewAtEnd,nltk_0.80,4,71.2328767123%,82.3529411765%
NewAtEnd,nltk_0.80,5,61.9047619048%,45.4545454545%
NewAtEnd,nltk_0.80,6,58.3333333333%,50.0%
NewAtEnd,nltk_0.80,7,56.2874251497%,67.6056338028%
NewAtEnd,nltk_0.80,8,52.1568627451%,62.5%
NewAtEnd,nltk_0.80,9,49.8113207547%,10.0%
NewAtEnd,nltk_0.80,10,46.0431654676%,30.7692307692%
NewAtEnd,nltk_0.80,11,48.0362537764%,67.9245283019%
NewAtEnd,nltk_0.80,12,48.5380116959%,72.7272727273%
NewAtEnd,nltk_0.80,13,49.4285714286%,87.5%
NewAtEnd,nltk_0.80,14,50.0%,75.0%
NewAtEnd,nltk_0.80,15,48.8063660477%,46.6666666667%
NewAtEnd,nltk_0.80,16,47.3145780051%,50.0%
NewAtEnd,nltk_0.80,17,45.5665024631%,33.3333333333%
NewAtEnd,nltk_0.80,18,45.1690821256%,50.0%
NewAtEnd,nltk_0.80,19,44.6555819477%,57.1428571429%
NewAtEnd,nltk_0.80,20,44.2176870748%,40.0%
NewAtEnd,nltk_0.80,21,43.5387673956%,59.6774193548%
NewAtEnd,nltk_0.80,22,42.5242718447%,41.6666666667%
NewAtEnd,nltk_0.80,23,42.6666666667%,60.0%
NewAtEnd,nltk_0.80,24,41.8348623853%,35.0%
NewAtEnd,nltk_0.80,25,41.8848167539%,57.1428571429%
NewAtEnd,nltk_0.80,26,42.5837320574%,62.962962963%
NewAtEnd,nltk_0.80,27,42.6791277259%,53.3333333333%
NewAtEnd,nltk_0.80,28,41.7933130699%,31.25%
NewAtEnd,nltk_0.80,29,40.8959537572%,41.1764705882%
NewAtEnd,nltk_0.80,30,38.7058823529%,47.4683544304%
NewAtEnd,nltk_0.80,31,38.5964912281%,40.0%
NewAtEnd,nltk_0.80,32,37.3601789709%,30.7692307692%
NewAtEnd,nltk_0.80,33,36.335078534%,44.262295082%
NewAtEnd,nltk_0.80,34,35.9504132231%,23.0769230769%
NewAtEnd,nltk_0.80,35,35.3118712274%,30.7692307692%
NewAtEnd,nltk_0.80,36,35.4291417166%,62.5%
NewAtEnd,nltk_0.80,37,34.2105263158%,37.0%
NewAtEnd,nltk_0.80,38,32.5203252033%,35.9375%
NewAtEnd,nltk_0.80,39,32.4066719619%,41.3793103448%
NewAtEnd,nltk_0.80,40,31.9691119691%,33.3333333333%
NewAtEnd,nltk_0.80,41,33.0323551543%,79.4117647059%
NewAtEnd,nltk_0.80,42,33.2089552239%,63.6363636364%
NewAtEnd,nltk_0.80,43,33.3333333333%,75.0%
NewAtEnd,nltk_0.80,44,32.9839273235%,50.5747126437%
NewAtEnd,nltk_0.80,45,32.9616724739%,25.0%
NewAtEnd,word2vec_0.20,1,8.33333333333%,33.3333333333%
NewAtEnd,word2vec_0.20,2,4.0%,7.69230769231%
NewAtEnd,word2vec_0.20,3,5.35714285714%,9.67741935484%
NewAtEnd,word2vec_0.20,4,4.1095890411%,5.88235294118%
NewAtEnd,word2vec_0.20,5,3.57142857143%,0.0%
NewAtEnd,word2vec_0.20,6,3.125%,0.0%
NewAtEnd,word2vec_0.20,7,1.19760479042%,1.40845070423%
NewAtEnd,word2vec_0.20,8,2.35294117647%,9.09090909091%
NewAtEnd,word2vec_0.20,9,2.2641509434%,0.0%
NewAtEnd,word2vec_0.20,10,2.51798561151%,7.69230769231%
NewAtEnd,word2vec_0.20,11,2.416918429%,3.77358490566%
NewAtEnd,word2vec_0.20,12,2.63157894737%,9.09090909091%
NewAtEnd,word2vec_0.20,13,2.57142857143%,0.0%
NewAtEnd,word2vec_0.20,14,3.03867403315%,16.6666666667%
NewAtEnd,word2vec_0.20,15,3.44827586207%,13.3333333333%
NewAtEnd,word2vec_0.20,16,3.32480818414%,0.0%
NewAtEnd,word2vec_0.20,17,3.69458128079%,13.3333333333%
NewAtEnd,word2vec_0.20,18,3.38164251208%,0.0%
NewAtEnd,word2vec_0.20,19,3.08788598575%,14.2857142857%
NewAtEnd,word2vec_0.20,20,2.94784580499%,0.0%
NewAtEnd,word2vec_0.20,21,3.18091451292%,4.83870967742%
NewAtEnd,word2vec_0.20,22,3.1067961165%,0.0%
NewAtEnd,word2vec_0.20,23,3.04761904762%,0.0%
NewAtEnd,word2vec_0.20,24,2.93577981651%,0.0%
NewAtEnd,word2vec_0.20,25,3.31588132635%,10.7142857143%
NewAtEnd,word2vec_0.20,26,3.18979266348%,1.85185185185%
NewAtEnd,word2vec_0.20,27,3.11526479751%,0.0%
NewAtEnd,word2vec_0.20,28,3.03951367781%,0.0%
NewAtEnd,word2vec_0.20,29,2.8901734104%,2.94117647059%
NewAtEnd,word2vec_0.20,30,2.58823529412%,4.43037974684%
NewAtEnd,word2vec_0.20,31,2.5730994152%,0.0%
NewAtEnd,word2vec_0.20,32,2.57270693512%,2.5641025641%
NewAtEnd,word2vec_0.20,33,2.72251308901%,4.91803278689%
NewAtEnd,word2vec_0.20,34,2.68595041322%,0.0%
NewAtEnd,word2vec_0.20,35,2.61569416499%,0.0%
NewAtEnd,word2vec_0.20,36,2.69461077844%,12.5%
NewAtEnd,word2vec_0.20,37,2.4500907441%,0.0%
NewAtEnd,word2vec_0.20,38,2.35772357724%,2.34375%
NewAtEnd,word2vec_0.20,39,2.30341540905%,0.0%
NewAtEnd,word2vec_0.20,40,2.23938223938%,0.0%
NewAtEnd,word2vec_0.20,41,2.18209179834%,2.94117647059%
NewAtEnd,word2vec_0.20,42,2.23880597015%,9.09090909091%
NewAtEnd,word2vec_0.20,43,2.30654761905%,25.0%
NewAtEnd,word2vec_0.20,44,2.0964360587%,0.0%
NewAtEnd,word2vec_0.20,45,2.09059233449%,0.0%
NewAtEnd,word2vec_0.40,1,41.6666666667%,66.6666666667%
NewAtEnd,word2vec_0.40,2,28.0%,23.0769230769%
NewAtEnd,word2vec_0.40,3,19.6428571429%,29.0322580645%
NewAtEnd,word2vec_0.40,4,17.8082191781%,23.5294117647%
NewAtEnd,word2vec_0.40,5,17.8571428571%,18.1818181818%
NewAtEnd,word2vec_0.40,6,14.5833333333%,0.0%
NewAtEnd,word2vec_0.40,7,8.98203592814%,12.676056338%
NewAtEnd,word2vec_0.40,8,9.41176470588%,17.0454545455%
NewAtEnd,word2vec_0.40,9,9.05660377358%,0.0%
NewAtEnd,word2vec_0.40,10,8.63309352518%,7.69230769231%
NewAtEnd,word2vec_0.40,11,9.66767371601%,18.8679245283%
NewAtEnd,word2vec_0.40,12,9.3567251462%,18.1818181818%
NewAtEnd,word2vec_0.40,13,9.42857142857%,12.5%
NewAtEnd,word2vec_0.40,14,9.39226519337%,16.6666666667%
NewAtEnd,word2vec_0.40,15,9.54907161804%,13.3333333333%
NewAtEnd,word2vec_0.40,16,9.71867007673%,14.2857142857%
NewAtEnd,word2vec_0.40,17,10.0985221675%,20.0%
NewAtEnd,word2vec_0.40,18,9.42028985507%,0.0%
NewAtEnd,word2vec_0.40,19,9.26365795724%,28.5714285714%
NewAtEnd,word2vec_0.40,20,8.84353741497%,5.0%
NewAtEnd,word2vec_0.40,21,8.15109343936%,11.2903225806%
NewAtEnd,word2vec_0.40,22,7.96116504854%,8.33333333333%
NewAtEnd,word2vec_0.40,23,7.42857142857%,0.0%
NewAtEnd,word2vec_0.40,24,6.97247706422%,0.0%
NewAtEnd,word2vec_0.40,25,6.98080279232%,14.2857142857%
NewAtEnd,word2vec_0.40,26,6.6985645933%,9.25925925926%
NewAtEnd,word2vec_0.40,27,6.38629283489%,0.0%
NewAtEnd,word2vec_0.40,28,6.07902735562%,0.0%
NewAtEnd,word2vec_0.40,29,5.78034682081%,2.94117647059%
NewAtEnd,word2vec_0.40,30,5.05882352941%,7.59493670886%
NewAtEnd,word2vec_0.40,31,5.02923976608%,0.0%
NewAtEnd,word2vec_0.40,32,5.03355704698%,7.69230769231%
NewAtEnd,word2vec_0.40,33,5.02617801047%,8.19672131148%
NewAtEnd,word2vec_0.40,34,5.06198347107%,7.69230769231%
NewAtEnd,word2vec_0.40,35,4.92957746479%,0.0%
NewAtEnd,word2vec_0.40,36,5.18962075848%,37.5%
NewAtEnd,word2vec_0.40,37,4.26497277677%,2.0%
NewAtEnd,word2vec_0.40,38,3.9837398374%,3.90625%
NewAtEnd,word2vec_0.40,39,3.97140587768%,3.44827586207%
NewAtEnd,word2vec_0.40,40,3.78378378378%,0.0%
NewAtEnd,word2vec_0.40,41,3.61173814898%,2.94117647059%
NewAtEnd,word2vec_0.40,42,3.65671641791%,9.09090909091%
NewAtEnd,word2vec_0.40,43,3.72023809524%,25.0%
NewAtEnd,word2vec_0.40,44,3.49406009783%,4.59770114943%
NewAtEnd,word2vec_0.40,45,3.48432055749%,0.0%
NewAtEnd,word2vec_0.60,1,83.3333333333%,91.6666666667%
NewAtEnd,word2vec_0.60,2,56.0%,46.1538461538%
NewAtEnd,word2vec_0.60,3,51.7857142857%,58.064516129%
NewAtEnd,word2vec_0.60,4,45.2054794521%,47.0588235294%
NewAtEnd,word2vec_0.60,5,39.2857142857%,27.2727272727%
NewAtEnd,word2vec_0.60,6,34.375%,16.6666666667%
NewAtEnd,word2vec_0.60,7,31.7365269461%,43.661971831%
NewAtEnd,word2vec_0.60,8,29.8039215686%,42.0454545455%
NewAtEnd,word2vec_0.60,9,28.3018867925%,0.0%
NewAtEnd,word2vec_0.60,10,27.3381294964%,23.0769230769%
NewAtEnd,word2vec_0.60,11,30.5135951662%,54.7169811321%
NewAtEnd,word2vec_0.60,12,30.701754386%,45.4545454545%
NewAtEnd,word2vec_0.60,13,30.2857142857%,25.0%
NewAtEnd,word2vec_0.60,14,30.3867403315%,41.6666666667%
NewAtEnd,word2vec_0.60,15,30.5039787798%,40.0%
NewAtEnd,word2vec_0.60,16,29.9232736573%,28.5714285714%
NewAtEnd,word2vec_0.60,17,29.5566502463%,26.6666666667%
NewAtEnd,word2vec_0.60,18,28.9855072464%,25.0%
NewAtEnd,word2vec_0.60,19,28.2660332542%,28.5714285714%
NewAtEnd,word2vec_0.60,20,27.664399093%,25.0%
NewAtEnd,word2vec_0.60,21,26.6401590457%,35.4838709677%
NewAtEnd,word2vec_0.60,22,25.6310679612%,8.33333333333%
NewAtEnd,word2vec_0.60,23,25.3333333333%,20.0%
NewAtEnd,word2vec_0.60,24,24.0366972477%,5.0%
NewAtEnd,word2vec_0.60,25,23.9092495637%,32.1428571429%
NewAtEnd,word2vec_0.60,26,23.4449760766%,37.037037037%
NewAtEnd,word2vec_0.60,27,23.5202492212%,33.3333333333%
NewAtEnd,word2vec_0.60,28,22.9483282675%,25.0%
NewAtEnd,word2vec_0.60,29,22.1098265896%,17.6470588235%
NewAtEnd,word2vec_0.60,30,19.1764705882%,24.6835443038%
NewAtEnd,word2vec_0.60,31,19.0643274854%,0.0%
NewAtEnd,word2vec_0.60,32,18.5682326622%,12.8205128205%
NewAtEnd,word2vec_0.60,33,18.1151832461%,24.5901639344%
NewAtEnd,word2vec_0.60,34,17.8719008264%,15.3846153846%
NewAtEnd,word2vec_0.60,35,17.2032193159%,11.5384615385%
NewAtEnd,word2vec_0.60,36,17.2654690619%,50.0%
NewAtEnd,word2vec_0.60,37,16.4246823956%,18.0%
NewAtEnd,word2vec_0.60,38,14.8780487805%,16.40625%
NewAtEnd,word2vec_0.60,39,15.0913423352%,27.5862068966%
NewAtEnd,word2vec_0.60,40,14.749034749%,16.6666666667%
NewAtEnd,word2vec_0.60,41,15.1241534989%,38.2352941176%
NewAtEnd,word2vec_0.60,42,15.1492537313%,18.1818181818%
NewAtEnd,word2vec_0.60,43,15.2529761905%,50.0%
NewAtEnd,word2vec_0.60,44,15.3039832285%,27.5862068966%
NewAtEnd,word2vec_0.60,45,15.331010453%,25.0%
NewAtEnd,word2vec_0.80,1,83.3333333333%,91.6666666667%
NewAtEnd,word2vec_0.80,2,72.0%,76.9230769231%
NewAtEnd,word2vec_0.80,3,69.6428571429%,77.4193548387%
NewAtEnd,word2vec_0.80,4,68.4931506849%,76.4705882353%
NewAtEnd,word2vec_0.80,5,58.3333333333%,36.3636363636%
NewAtEnd,word2vec_0.80,6,55.2083333333%,50.0%
NewAtEnd,word2vec_0.80,7,53.2934131737%,64.7887323944%
NewAtEnd,word2vec_0.80,8,49.0196078431%,59.0909090909%
NewAtEnd,word2vec_0.80,9,46.7924528302%,10.0%
NewAtEnd,word2vec_0.80,10,44.6043165468%,30.7692307692%
NewAtEnd,word2vec_0.80,11,46.8277945619%,67.9245283019%
NewAtEnd,word2vec_0.80,12,47.3684210526%,72.7272727273%
NewAtEnd,word2vec_0.80,13,48.2857142857%,87.5%
NewAtEnd,word2vec_0.80,14,48.8950276243%,75.0%
NewAtEnd,word2vec_0.80,15,47.7453580902%,46.6666666667%
NewAtEnd,word2vec_0.80,16,46.0358056266%,42.8571428571%
NewAtEnd,word2vec_0.80,17,44.5812807882%,33.3333333333%
NewAtEnd,word2vec_0.80,18,44.2028985507%,50.0%
NewAtEnd,word2vec_0.80,19,43.7054631829%,57.1428571429%
NewAtEnd,word2vec_0.80,20,43.3106575964%,40.0%
NewAtEnd,word2vec_0.80,21,42.1471172962%,56.4516129032%
NewAtEnd,word2vec_0.80,22,41.359223301%,41.6666666667%
NewAtEnd,word2vec_0.80,23,41.1428571429%,50.0%
NewAtEnd,word2vec_0.80,24,40.3669724771%,35.0%
NewAtEnd,word2vec_0.80,25,40.4886561955%,57.1428571429%
NewAtEnd,word2vec_0.80,26,41.307814992%,62.962962963%
NewAtEnd,word2vec_0.80,27,41.4330218069%,53.3333333333%
NewAtEnd,word2vec_0.80,28,40.5775075988%,31.25%
NewAtEnd,word2vec_0.80,29,39.450867052%,38.2352941176%
NewAtEnd,word2vec_0.80,30,37.2941176471%,45.5696202532%
NewAtEnd,word2vec_0.80,31,37.1929824561%,40.0%
NewAtEnd,word2vec_0.80,32,35.7941834452%,25.641025641%
NewAtEnd,word2vec_0.80,33,34.8691099476%,44.262295082%
NewAtEnd,word2vec_0.80,34,34.5041322314%,23.0769230769%
NewAtEnd,word2vec_0.80,35,34.0040241449%,30.7692307692%
NewAtEnd,word2vec_0.80,36,34.1317365269%,62.5%
NewAtEnd,word2vec_0.80,37,32.7586206897%,34.0%
NewAtEnd,word2vec_0.80,38,30.9756097561%,33.59375%
NewAtEnd,word2vec_0.80,39,30.8975377284%,41.3793103448%
NewAtEnd,word2vec_0.80,40,30.5019305019%,33.3333333333%
NewAtEnd,word2vec_0.80,41,31.4522197141%,76.4705882353%
NewAtEnd,word2vec_0.80,42,31.6417910448%,63.6363636364%
NewAtEnd,word2vec_0.80,43,31.7708333333%,75.0%
NewAtEnd,word2vec_0.80,44,31.4465408805%,49.4252873563%
NewAtEnd,word2vec_0.80,45,31.4285714286%,25.0%
Exciting,nltk_0.20,1,84.6153846154%,92.3076923077%
Exciting,nltk_0.20,2,90.4761904762%,100.0%
Exciting,nltk_0.20,3,71.875%,63.6363636364%
Exciting,nltk_0.20,4,70.8333333333%,81.25%
Exciting,nltk_0.20,5,63.9534883721%,73.6842105263%
Exciting,nltk_0.20,6,61.9565217391%,50.0%
Exciting,nltk_0.20,7,55.6603773585%,50.0%
Exciting,nltk_0.20,8,59.8290598291%,100.0%
Exciting,nltk_0.20,9,60.4651162791%,75.0%
Exciting,nltk_0.20,10,56.6666666667%,47.619047619%
Exciting,nltk_0.20,11,51.9337016575%,48.3870967742%
Exciting,nltk_0.20,12,43.7699680511%,51.5151515152%
Exciting,nltk_0.20,13,43.9024390244%,53.3333333333%
Exciting,nltk_0.20,14,43.2352941176%,50.0%
Exciting,nltk_0.20,15,40.1595744681%,38.8888888889%
Exciting,nltk_0.20,16,34.0782122905%,38.5093167702%
Exciting,nltk_0.20,17,33.2727272727%,30.7692307692%
Exciting,nltk_0.20,18,31.1708860759%,35.3658536585%
Exciting,nltk_0.20,19,30.5007587253%,22.2222222222%
Exciting,nltk_0.20,20,30.0140252454%,37.037037037%
Exciting,nltk_0.20,21,28.6684782609%,13.0434782609%
Exciting,nltk_0.20,22,28.2841823056%,10.0%
Exciting,nltk_0.20,23,28.1208935611%,26.6666666667%
Exciting,nltk_0.20,24,27.5949367089%,20.6896551724%
Exciting,nltk_0.20,25,27.5217932752%,38.4615384615%
Exciting,nltk_0.20,26,26.9135802469%,0.0%
Exciting,nltk_0.20,27,26.796589525%,27.2727272727%
Exciting,nltk_0.20,28,26.5306122449%,16.6666666667%
Exciting,nltk_0.20,29,26.0115606936%,31.25%
Exciting,nltk_0.20,30,25.9132420091%,27.2727272727%
Exciting,nltk_0.20,31,25.7954545455%,0.0%
Exciting,nltk_0.20,32,25.0%,16.6666666667%
Exciting,nltk_0.20,33,24.6516613076%,11.7647058824%
Exciting,nltk_0.20,34,25.2577319588%,48.6486486486%
Exciting,nltk_0.20,35,25.1527494908%,16.6666666667%
Exciting,nltk_0.20,36,23.8625812442%,23.1578947368%
Exciting,nltk_0.20,37,21.6417910448%,15.503875969%
Exciting,nltk_0.20,38,20.7547169811%,19.696969697%
Exciting,nltk_0.20,39,20.9664848012%,45.4545454545%
Exciting,nltk_0.20,40,20.9104938272%,15.3846153846%
Exciting,nltk_0.20,41,20.8749040675%,14.2857142857%
Exciting,nltk_0.20,42,20.8841463415%,22.2222222222%
Exciting,nltk_0.20,43,20.8932626798%,22.2222222222%
Exciting,nltk_0.20,44,20.8063354932%,27.9411764706%
Exciting,nltk_0.20,45,19.9303135889%,15.2173913043%
Exciting,nltk_0.40,1,100.0%,100.0%
Exciting,nltk_0.40,2,100.0%,100.0%
Exciting,nltk_0.40,3,81.25%,72.7272727273%
Exciting,nltk_0.40,4,77.0833333333%,81.25%
Exciting,nltk_0.40,5,67.4418604651%,76.3157894737%
Exciting,nltk_0.40,6,66.3043478261%,66.6666666667%
Exciting,nltk_0.40,7,60.3773584906%,57.1428571429%
Exciting,nltk_0.40,8,64.1025641026%,100.0%
Exciting,nltk_0.40,9,64.3410852713%,75.0%
Exciting,nltk_0.40,10,61.3333333333%,57.1428571429%
Exciting,nltk_0.40,11,56.9060773481%,61.2903225806%
Exciting,nltk_0.40,12,53.03514377%,65.1515151515%
Exciting,nltk_0.40,13,52.4390243902%,53.3333333333%
Exciting,nltk_0.40,14,51.4705882353%,50.0%
Exciting,nltk_0.40,15,48.1382978723%,47.2222222222%
Exciting,nltk_0.40,16,40.9683426443%,44.7204968944%
Exciting,nltk_0.40,17,40.0%,30.7692307692%
Exciting,nltk_0.40,18,38.2911392405%,45.1219512195%
Exciting,nltk_0.40,19,37.784522003%,33.3333333333%
Exciting,nltk_0.40,20,37.3071528752%,44.4444444444%
Exciting,nltk_0.40,21,35.7336956522%,13.0434782609%
Exciting,nltk_0.40,22,35.254691689%,10.0%
Exciting,nltk_0.40,23,35.085413929%,33.3333333333%
Exciting,nltk_0.40,24,34.0506329114%,20.6896551724%
Exciting,nltk_0.40,25,33.8729763387%,38.4615384615%
Exciting,nltk_0.40,26,33.2098765432%,14.2857142857%
Exciting,nltk_0.40,27,33.1303288672%,36.3636363636%
Exciting,nltk_0.40,28,32.7731092437%,41.6666666667%
Exciting,nltk_0.40,29,32.2543352601%,40.625%
Exciting,nltk_0.40,30,32.5342465753%,54.5454545455%
Exciting,nltk_0.40,31,32.2727272727%,0.0%
Exciting,nltk_0.40,32,31.1135371179%,27.7777777778%
Exciting,nltk_0.40,33,31.1897106109%,35.2941176471%
Exciting,nltk_0.40,34,32.1649484536%,67.5675675676%
Exciting,nltk_0.40,35,31.8737270876%,16.6666666667%
Exciting,nltk_0.40,36,30.9192200557%,35.7894736842%
Exciting,nltk_0.40,37,28.9386401327%,29.4573643411%
Exciting,nltk_0.40,38,27.6729559748%,24.2424242424%
Exciting,nltk_0.40,39,27.8254091972%,54.5454545455%
Exciting,nltk_0.40,40,27.8549382716%,30.7692307692%
Exciting,nltk_0.40,41,27.8587874137%,42.8571428571%
Exciting,nltk_0.40,42,27.8201219512%,33.3333333333%
Exciting,nltk_0.40,43,27.781983346%,22.2222222222%
Exciting,nltk_0.40,44,27.9337652988%,39.7058823529%
Exciting,nltk_0.40,45,27.0383275261%,26.0869565217%
Exciting,nltk_0.60,1,100.0%,100.0%
Exciting,nltk_0.60,2,100.0%,100.0%
Exciting,nltk_0.60,3,81.25%,72.7272727273%
Exciting,nltk_0.60,4,77.0833333333%,81.25%
Exciting,nltk_0.60,5,72.0930232558%,81.5789473684%
Exciting,nltk_0.60,6,70.652173913%,66.6666666667%
Exciting,nltk_0.60,7,66.0377358491%,64.2857142857%
Exciting,nltk_0.60,8,69.2307692308%,100.0%
Exciting,nltk_0.60,9,68.2170542636%,75.0%
Exciting,nltk_0.60,10,66.0%,61.9047619048%
Exciting,nltk_0.60,11,62.4309392265%,67.7419354839%
Exciting,nltk_0.60,12,58.4664536741%,69.696969697%
Exciting,nltk_0.60,13,57.6219512195%,53.3333333333%
Exciting,nltk_0.60,14,57.0588235294%,58.3333333333%
Exciting,nltk_0.60,15,53.7234042553%,50.0%
Exciting,nltk_0.60,16,45.4376163873%,49.6894409938%
Exciting,nltk_0.60,17,45.2727272727%,53.8461538462%
Exciting,nltk_0.60,18,44.7784810127%,54.8780487805%
Exciting,nltk_0.60,19,44.157814871%,37.037037037%
Exciting,nltk_0.60,20,43.618513324%,51.8518518519%
Exciting,nltk_0.60,21,42.7989130435%,34.7826086957%
Exciting,nltk_0.60,22,42.091152815%,10.0%
Exciting,nltk_0.60,23,41.5243101183%,33.3333333333%
Exciting,nltk_0.60,24,40.6329113924%,27.5862068966%
Exciting,nltk_0.60,25,40.2241594022%,46.1538461538%
Exciting,nltk_0.60,26,40.1234567901%,57.1428571429%
Exciting,nltk_0.60,27,40.0730816078%,54.5454545455%
Exciting,nltk_0.60,28,39.7358943577%,50.0%
Exciting,nltk_0.60,29,39.3063583815%,46.875%
Exciting,nltk_0.60,30,39.2694063927%,54.5454545455%
Exciting,nltk_0.60,31,39.0909090909%,25.0%
Exciting,nltk_0.60,32,37.8820960699%,41.6666666667%
Exciting,nltk_0.60,33,37.7277599143%,41.1764705882%
Exciting,nltk_0.60,34,38.5567010309%,70.2702702703%
Exciting,nltk_0.60,35,38.1873727088%,16.6666666667%
Exciting,nltk_0.60,36,37.3259052925%,45.2631578947%
Exciting,nltk_0.60,37,35.0746268657%,35.6589147287%
Exciting,nltk_0.60,38,33.9622641509%,33.3333333333%
Exciting,nltk_0.60,39,33.982852689%,54.5454545455%
Exciting,nltk_0.60,40,33.8734567901%,30.7692307692%
Exciting,nltk_0.60,41,33.8449731389%,42.8571428571%
Exciting,nltk_0.60,42,33.9176829268%,44.4444444444%
Exciting,nltk_0.60,43,33.838001514%,33.3333333333%
Exciting,nltk_0.60,44,33.7652987761%,44.1176470588%
Exciting,nltk_0.60,45,32.9616724739%,34.7826086957%
Exciting,nltk_0.80,1,100.0%,100.0%
Exciting,nltk_0.80,2,100.0%,100.0%
Exciting,nltk_0.80,3,81.25%,72.7272727273%
Exciting,nltk_0.80,4,77.0833333333%,81.25%
Exciting,nltk_0.80,5,72.0930232558%,81.5789473684%
Exciting,nltk_0.80,6,70.652173913%,66.6666666667%
Exciting,nltk_0.80,7,66.0377358491%,64.2857142857%
Exciting,nltk_0.80,8,69.2307692308%,100.0%
Exciting,nltk_0.80,9,68.2170542636%,75.0%
Exciting,nltk_0.80,10,66.0%,61.9047619048%
Exciting,nltk_0.80,11,62.4309392265%,67.7419354839%
Exciting,nltk_0.80,12,58.4664536741%,69.696969697%
Exciting,nltk_0.80,13,57.6219512195%,53.3333333333%
Exciting,nltk_0.80,14,57.0588235294%,58.3333333333%
Exciting,nltk_0.80,15,53.7234042553%,50.0%
Exciting,nltk_0.80,16,45.4376163873%,49.6894409938%
Exciting,nltk_0.80,17,45.2727272727%,53.8461538462%
Exciting,nltk_0.80,18,44.7784810127%,54.8780487805%
Exciting,nltk_0.80,19,44.157814871%,37.037037037%
Exciting,nltk_0.80,20,43.618513324%,51.8518518519%
Exciting,nltk_0.80,21,42.7989130435%,34.7826086957%
Exciting,nltk_0.80,22,42.091152815%,10.0%
Exciting,nltk_0.80,23,41.5243101183%,33.3333333333%
Exciting,nltk_0.80,24,40.6329113924%,27.5862068966%
Exciting,nltk_0.80,25,40.2241594022%,46.1538461538%
Exciting,nltk_0.80,26,40.1234567901%,57.1428571429%
Exciting,nltk_0.80,27,40.0730816078%,54.5454545455%
Exciting,nltk_0.80,28,39.7358943577%,50.0%
Exciting,nltk_0.80,29,39.3063583815%,46.875%
Exciting,nltk_0.80,30,39.2694063927%,54.5454545455%
Exciting,nltk_0.80,31,39.0909090909%,25.0%
Exciting,nltk_0.80,32,37.8820960699%,41.6666666667%
Exciting,nltk_0.80,33,37.7277599143%,41.1764705882%
Exciting,nltk_0.80,34,38.5567010309%,70.2702702703%
Exciting,nltk_0.80,35,38.1873727088%,16.6666666667%
Exciting,nltk_0.80,36,37.3259052925%,45.2631578947%
Exciting,nltk_0.80,37,35.0746268657%,35.6589147287%
Exciting,nltk_0.80,38,33.9622641509%,33.3333333333%
Exciting,nltk_0.80,39,33.982852689%,54.5454545455%
Exciting,nltk_0.80,40,33.8734567901%,30.7692307692%
Exciting,nltk_0.80,41,33.8449731389%,42.8571428571%
Exciting,nltk_0.80,42,33.9176829268%,44.4444444444%
Exciting,nltk_0.80,43,33.838001514%,33.3333333333%
Exciting,nltk_0.80,44,33.7652987761%,44.1176470588%
Exciting,nltk_0.80,45,32.9616724739%,34.7826086957%
Exciting,word2vec_0.20,1,23.0769230769%,46.1538461538%
Exciting,word2vec_0.20,2,9.52380952381%,12.5%
Exciting,word2vec_0.20,3,9.375%,9.09090909091%
Exciting,word2vec_0.20,4,6.25%,0.0%
Exciting,word2vec_0.20,5,3.48837209302%,2.63157894737%
Exciting,word2vec_0.20,6,5.4347826087%,33.3333333333%
Exciting,word2vec_0.20,7,3.77358490566%,0.0%
Exciting,word2vec_0.20,8,4.2735042735%,18.1818181818%
Exciting,word2vec_0.20,9,4.6511627907%,8.33333333333%
Exciting,word2vec_0.20,10,4.0%,0.0%
Exciting,word2vec_0.20,11,4.41988950276%,6.45161290323%
Exciting,word2vec_0.20,12,4.15335463259%,4.54545454545%
Exciting,word2vec_0.20,13,3.96341463415%,0.0%
Exciting,word2vec_0.20,14,3.82352941176%,0.0%
Exciting,word2vec_0.20,15,3.1914893617%,2.77777777778%
Exciting,word2vec_0.20,16,2.60707635009%,4.96894409938%
Exciting,word2vec_0.20,17,2.54545454545%,0.0%
Exciting,word2vec_0.20,18,2.68987341772%,4.87804878049%
Exciting,word2vec_0.20,19,2.73141122914%,3.7037037037%
Exciting,word2vec_0.20,20,2.52454417952%,1.85185185185%
Exciting,word2vec_0.20,21,2.44565217391%,0.0%
Exciting,word2vec_0.20,22,2.41286863271%,0.0%
Exciting,word2vec_0.20,23,2.3653088042%,6.66666666667%
Exciting,word2vec_0.20,24,2.27848101266%,0.0%
Exciting,word2vec_0.20,25,2.36612702366%,7.69230769231%
Exciting,word2vec_0.20,26,2.34567901235%,0.0%
Exciting,word2vec_0.20,27,2.31425091352%,0.0%
Exciting,word2vec_0.20,28,2.28091236495%,8.33333333333%
Exciting,word2vec_0.20,29,2.19653179191%,0.0%
Exciting,word2vec_0.20,30,2.28310502283%,9.09090909091%
Exciting,word2vec_0.20,31,2.38636363636%,25.0%
Exciting,word2vec_0.20,32,2.29257641921%,0.0%
Exciting,word2vec_0.20,33,2.25080385852%,0.0%
Exciting,word2vec_0.20,34,2.16494845361%,0.0%
Exciting,word2vec_0.20,35,2.13849287169%,0.0%
Exciting,word2vec_0.20,36,1.94986072423%,0.0%
Exciting,word2vec_0.20,37,1.90713101161%,2.32558139535%
Exciting,word2vec_0.20,38,1.80817610063%,0.0%
Exciting,word2vec_0.20,39,1.87061574435%,9.09090909091%
Exciting,word2vec_0.20,40,1.85185185185%,0.0%
Exciting,word2vec_0.20,41,1.84190330008%,0.0%
Exciting,word2vec_0.20,42,1.82926829268%,0.0%
Exciting,word2vec_0.20,43,1.89250567752%,11.1111111111%
Exciting,word2vec_0.20,44,2.0158387329%,4.41176470588%
Exciting,word2vec_0.20,45,2.02090592334%,2.17391304348%
Exciting,word2vec_0.40,1,46.1538461538%,69.2307692308%
Exciting,word2vec_0.40,2,33.3333333333%,37.5%
Exciting,word2vec_0.40,3,21.875%,18.1818181818%
Exciting,word2vec_0.40,4,10.4166666667%,12.5%
Exciting,word2vec_0.40,5,12.7906976744%,34.2105263158%
Exciting,word2vec_0.40,6,13.0434782609%,33.3333333333%
Exciting,word2vec_0.40,7,13.2075471698%,21.4285714286%
Exciting,word2vec_0.40,8,15.3846153846%,45.4545454545%
Exciting,word2vec_0.40,9,14.7286821705%,25.0%
Exciting,word2vec_0.40,10,12.6666666667%,9.52380952381%
Exciting,word2vec_0.40,11,12.7071823204%,12.9032258065%
Exciting,word2vec_0.40,12,9.58466453674%,15.1515151515%
Exciting,word2vec_0.40,13,9.14634146341%,0.0%
Exciting,word2vec_0.40,14,9.11764705882%,8.33333333333%
Exciting,word2vec_0.40,15,7.97872340426%,5.55555555556%
Exciting,word2vec_0.40,16,5.95903165736%,11.801242236%
Exciting,word2vec_0.40,17,5.27272727273%,0.0%
Exciting,word2vec_0.40,18,4.74683544304%,9.75609756098%
Exciting,word2vec_0.40,19,4.85584218513%,7.40740740741%
Exciting,word2vec_0.40,20,5.18934081346%,11.1111111111%
Exciting,word2vec_0.40,21,5.02717391304%,4.34782608696%
Exciting,word2vec_0.40,22,4.95978552279%,0.0%
Exciting,word2vec_0.40,23,4.86202365309%,6.66666666667%
Exciting,word2vec_0.40,24,4.81012658228%,6.89655172414%
Exciting,word2vec_0.40,25,4.85678704857%,7.69230769231%
Exciting,word2vec_0.40,26,4.81481481481%,0.0%
Exciting,word2vec_0.40,27,4.7503045067%,0.0%
Exciting,word2vec_0.40,28,4.6818727491%,8.33333333333%
Exciting,word2vec_0.40,29,4.50867052023%,3.125%
Exciting,word2vec_0.40,30,4.56621004566%,9.09090909091%
Exciting,word2vec_0.40,31,4.65909090909%,25.0%
Exciting,word2vec_0.40,32,4.36681222707%,2.77777777778%
Exciting,word2vec_0.40,33,4.39442658092%,5.88235294118%
Exciting,word2vec_0.40,34,4.32989690722%,8.10810810811%
Exciting,word2vec_0.40,35,4.27698574338%,0.0%
Exciting,word2vec_0.40,36,3.62116991643%,3.15789473684%
Exciting,word2vec_0.40,37,3.31674958541%,3.87596899225%
Exciting,word2vec_0.40,38,2.98742138365%,0.0%
Exciting,word2vec_0.40,39,2.96180826189%,18.1818181818%
Exciting,word2vec_0.40,40,3.00925925926%,7.69230769231%
Exciting,word2vec_0.40,41,3.06983883346%,14.2857142857%
Exciting,word2vec_0.40,42,3.0487804878%,0.0%
Exciting,word2vec_0.40,43,3.10370931113%,11.1111111111%
Exciting,word2vec_0.40,44,3.3117350612%,7.35294117647%
Exciting,word2vec_0.40,45,3.27526132404%,4.34782608696%
Exciting,word2vec_0.60,1,84.6153846154%,92.3076923077%
Exciting,word2vec_0.60,2,80.9523809524%,87.5%
Exciting,word2vec_0.60,3,62.5%,63.6363636364%
Exciting,word2vec_0.60,4,56.25%,68.75%
Exciting,word2vec_0.60,5,50.0%,65.7894736842%
Exciting,word2vec_0.60,6,47.8260869565%,50.0%
Exciting,word2vec_0.60,7,44.3396226415%,42.8571428571%
Exciting,word2vec_0.60,8,46.1538461538%,81.8181818182%
Exciting,word2vec_0.60,9,47.2868217054%,66.6666666667%
Exciting,word2vec_0.60,10,40.6666666667%,28.5714285714%
Exciting,word2vec_0.60,11,34.8066298343%,35.4838709677%
Exciting,word2vec_0.60,12,31.6293929712%,43.1818181818%
Exciting,word2vec_0.60,13,30.7926829268%,26.6666666667%
Exciting,word2vec_0.60,14,30.2941176471%,25.0%
Exciting,word2vec_0.60,15,28.9893617021%,33.3333333333%
Exciting,word2vec_0.60,16,23.0912476723%,28.5714285714%
Exciting,word2vec_0.60,17,23.0909090909%,46.1538461538%
Exciting,word2vec_0.60,18,21.9936708861%,26.8292682927%
Exciting,word2vec_0.60,19,21.6995447648%,18.5185185185%
Exciting,word2vec_0.60,20,21.4586255259%,27.7777777778%
Exciting,word2vec_0.60,21,20.9239130435%,8.69565217391%
Exciting,word2vec_0.60,22,20.509383378%,0.0%
Exciting,word2vec_0.60,23,20.3679369251%,20.0%
Exciting,word2vec_0.60,24,20.253164557%,17.2413793103%
Exciting,word2vec_0.60,25,20.4234122042%,38.4615384615%
Exciting,word2vec_0.60,26,20.1234567901%,14.2857142857%
Exciting,word2vec_0.60,27,20.2192448234%,27.2727272727%
Exciting,word2vec_0.60,28,20.0480192077%,33.3333333333%
Exciting,word2vec_0.60,29,19.8843930636%,31.25%
Exciting,word2vec_0.60,30,19.6347031963%,18.1818181818%
Exciting,word2vec_0.60,31,19.5454545455%,25.0%
Exciting,word2vec_0.60,32,19.1048034934%,16.6666666667%
Exciting,word2vec_0.60,33,18.9710610932%,23.5294117647%
Exciting,word2vec_0.60,34,19.4845360825%,37.8378378378%
Exciting,word2vec_0.60,35,19.2464358452%,0.0%
Exciting,word2vec_0.60,36,18.1987000929%,18.9473684211%
Exciting,word2vec_0.60,37,16.583747927%,17.8294573643%
Exciting,word2vec_0.60,38,15.8805031447%,13.6363636364%
Exciting,word2vec_0.60,39,15.900233827%,27.2727272727%
Exciting,word2vec_0.60,40,16.049382716%,30.7692307692%
Exciting,word2vec_0.60,41,15.963161934%,14.2857142857%
Exciting,word2vec_0.60,42,15.8536585366%,11.1111111111%
Exciting,word2vec_0.60,43,15.821347464%,11.1111111111%
Exciting,word2vec_0.60,44,15.6947444204%,25.0%
Exciting,word2vec_0.60,45,15.331010453%,15.2173913043%
Exciting,word2vec_0.80,1,100.0%,100.0%
Exciting,word2vec_0.80,2,100.0%,100.0%
Exciting,word2vec_0.80,3,81.25%,72.7272727273%
Exciting,word2vec_0.80,4,77.0833333333%,81.25%
Exciting,word2vec_0.80,5,72.0930232558%,81.5789473684%
Exciting,word2vec_0.80,6,70.652173913%,66.6666666667%
Exciting,word2vec_0.80,7,64.1509433962%,57.1428571429%
Exciting,word2vec_0.80,8,65.811965812%,90.9090909091%
Exciting,word2vec_0.80,9,65.1162790698%,75.0%
Exciting,word2vec_0.80,10,63.3333333333%,61.9047619048%
Exciting,word2vec_0.80,11,60.2209944751%,67.7419354839%
Exciting,word2vec_0.80,12,57.1884984026%,69.696969697%
Exciting,word2vec_0.80,13,56.4024390244%,53.3333333333%
Exciting,word2vec_0.80,14,55.8823529412%,58.3333333333%
Exciting,word2vec_0.80,15,51.5957446809%,44.4444444444%
Exciting,word2vec_0.80,16,44.1340782123%,47.8260869565%
Exciting,word2vec_0.80,17,44.0%,53.8461538462%
Exciting,word2vec_0.80,18,43.0379746835%,50.0%
Exciting,word2vec_0.80,19,42.1851289833%,33.3333333333%
Exciting,word2vec_0.80,20,42.0757363254%,51.8518518519%
Exciting,word2vec_0.80,21,41.3043478261%,30.4347826087%
Exciting,word2vec_0.80,22,40.6166219839%,10.0%
Exciting,word2vec_0.80,23,40.0788436268%,33.3333333333%
Exciting,word2vec_0.80,24,39.3670886076%,27.5862068966%
Exciting,word2vec_0.80,25,39.103362391%,46.1538461538%
Exciting,word2vec_0.80,26,39.012345679%,57.1428571429%
Exciting,word2vec_0.80,27,38.7332521315%,45.4545454545%
Exciting,word2vec_0.80,28,38.4153661465%,50.0%
Exciting,word2vec_0.80,29,38.0346820809%,46.875%
Exciting,word2vec_0.80,30,38.0136986301%,45.4545454545%
Exciting,word2vec_0.80,31,37.8409090909%,25.0%
Exciting,word2vec_0.80,32,36.5720524017%,38.8888888889%
Exciting,word2vec_0.80,33,36.6559485531%,41.1764705882%
Exciting,word2vec_0.80,34,37.3195876289%,67.5675675676%
Exciting,word2vec_0.80,35,36.9653767821%,16.6666666667%
Exciting,word2vec_0.80,36,35.9331476323%,42.1052631579%
Exciting,word2vec_0.80,37,33.6650082919%,34.1085271318%
Exciting,word2vec_0.80,38,32.4685534591%,30.303030303%
Exciting,word2vec_0.80,39,32.5019485581%,54.5454545455%
Exciting,word2vec_0.80,40,32.4074074074%,30.7692307692%
Exciting,word2vec_0.80,41,32.386799693%,42.8571428571%
Exciting,word2vec_0.80,42,32.4695121951%,44.4444444444%
Exciting,word2vec_0.80,43,32.323996972%,22.2222222222%
Exciting,word2vec_0.80,44,32.2534197264%,42.6470588235%
Exciting,word2vec_0.80,45,31.4982578397%,34.7826086957%
