"","userName","X","cond","fluencyIdeas","ideas","toStuck","refreshStuck","starred","baseFluency","iii_max_overall","iii_mean_fromStuck","iii_mean_overall","iii_mean_withinRoll","iii_min_overall","iii_sd_overall","glove_mean","glove_min","glove_max","glove_sd","pair_glove_mean","pair_glove_min","pair_glove_max","pair_glove_sd","anyStuck","roll","novelty_z_mean","novelty_z_max"
"1","A11S43P3WNLIZD",104,"Near-Near",5,4,0,0,0,5,187.255,NA,90.577,90.577,29.08,69.2007212245653,0.111058801412582,0.103722035884857,0.118395566940308,0.0103757533132604,0.783594286690156,0.54865936934948,0.902537249028683,0.138659365086681,0,"Near",-0.215389849203354,0.176397572567645
"2","A12J4IRF5Z06BT",138,"pInspControl",3,6,0,0,0,3,152.948,NA,81.2076,81.2076,49.447,36.5912705469487,0.169730531983078,0.12249880284071,0.206994876265526,0.0377364349115493,0.841910388390534,0.670757859945297,0.984487473149784,0.0843515707717482,0,"Near",-0.291455858688687,0.963906383321385
"3","A144CG4DJ1O4P3",0,"Far-Far",1,5,0,0,0,1,129.355,NA,61.61575,61.61575,27.186,40.1089688247841,0.14622299047187,0.0489233247935772,0.339034095406532,0.166981708812756,0.847723533818498,0.660965904593468,0.951076675206423,0.0992478863012447,0,"Far",-0.251269854344635,0.379159216847995
"4","A14D297BQB6QF3",105,"Near-Near",7,6,0,0,0,7,123.75,NA,76.3854,76.3854,48.695,29.1124002624311,0.109101497102529,0.0566460434347391,0.166338108479977,0.0463480188438955,0.89052237290889,0.801927171647549,0.972278457134962,0.0500843551203093,0,"Near",0.559985780974404,1.00694146024001
"5","A14T60VQBBEF35",67,"Near-Far",0,4,0,0,0,0,144.319,NA,100.484333333333,100.484333333333,69.6840000000001,31.8330665643272,0.0483483681455255,0.0187658602371812,0.0779308760538697,0.0418359838929898,0.9548367044578,0.92206912394613,0.981234139762819,0.0300925046583465,0,"Near",0.515058068865572,1.1521152384031
"6","A18T7E73TNGOKP",35,"Far-Near",1,2,1,3,0,1,330.926,330.926,330.926,NA,330.926,0,NA,NA,NA,NA,0.789290338754654,0.789290338754654,0.789290338754654,NA,1,"Far",0.488863573051555,0.597214881239169
"7","A1909MOQZUXZZ5",68,"Near-Far",7,22,0,0,0,7,NA,NA,NA,NA,NA,NA,NA,NA,NA,NA,NA,NA,NA,NA,0,"Near",NA,NA
"8","A191C7LXF3HKCJ",139,"pInspControl",0,5,0,0,0,0,173.219,NA,95.09525,95.09525,59.527,45.5283019471131,0.0400963126060863,-0.0810611043125391,0.154981594532728,0.11814628084522,0.906961371889338,0.720900729298592,1.08106110431254,0.114560241411932,0,"Near",0.42898967027158,0.711904195663504
"9","A19406O89BADON",36,"Far-Near",2,9,1,0,0,2,74.374,50.79525,50.79525,NA,25.965,15.2015861487379,0.204559198447636,0.0963757261633873,0.392002500593662,0.112362525559434,0.837208980982218,0.605017885565758,0.97837838716805,0.0968873563145209,1,"Far",0.00488314239717773,1.24081769745029
"10","A194WQMJAGAJG5",1,"Far-Far",0,2,1,0,0,0,178.161,NA,178.161,178.161,178.161,0,NA,NA,NA,NA,1.03297366574407,1.03297366574407,1.03297366574407,NA,1,"Far",-0.171818633003388,0.422940996281067
"11","A19KF02ULCISTQ",69,"Near-Far",0,5,1,0,0,0,101.92,NA,88.6255,88.6255,77.509,8.82562786718315,0.188955658425887,0.136129029095173,0.257180083543062,0.0619770806996233,0.799449358833954,0.691794544458389,0.893601374235004,0.0627319921134721,1,"Near",0.570183808359086,1.1076895214049
"12","A1ARROVE5ZA4HM",140,"pInspControl",6,7,0,0,0,6,44.267,NA,24.2886666666667,24.2886666666667,10.359,12.162769622454,0.123743399977684,0.0568847581744194,0.19029288738966,0.0667046019215003,0.867104548215866,0.710465312004089,0.974142467603087,0.0785148420908524,0,"Near",-0.0538007848527469,1.01310335572259
"13","A1B5SSGMTAQ9B5",2,"Far-Far",0,5,0,0,0,0,218.621,NA,83.601,83.601,23.999,78.849959502209,0.336042763354878,0.170323637314141,0.601322554051876,0.232108295882273,0.823152124322951,0.763517901301384,0.870015406981111,0.0381779637348102,0,"Far",-0.634601462256142,-0.399673400638084
"14","A1B7QPPS5Q43EX",141,"pInspControl",0,8,0,0,0,0,102.324,NA,60.9141428571429,60.9141428571429,31.694,26.554770049996,0.203072235919535,0.0475512780249119,0.547599166631699,0.231827037977848,0.829287487982462,0.452400833368301,0.982236702926457,0.13515092054407,0,"Near",0.105542263072668,1.89282071870126
"15","A1BKQCFVTE9173",70,"Near-Far",6,11,0,0,5,6,82.124,NA,45.8575,45.8575,27.159,15.595169272887,0.201484541977859,0.0865648537874222,0.376383349299431,0.0889633118283244,0.806828938795,0.623616650700569,1.01455187413376,0.0779261076944561,0,"Near",0.328476382450699,1.80648340243637
"16","A1BMNQOIQHH21N",3,"Far-Far",0,2,0,0,0,0,388.399,NA,388.399,388.399,388.399,0,NA,NA,NA,NA,0.841026241891086,0.841026241891086,0.841026241891086,NA,0,"Far",-0.340843743928931,-0.271272524133134
"17","A1C0P72V4V16QN",4,"Far-Far",0,8,1,0,3,0,82.484,67.827,57.4415714285714,49.6525,41.863,15.2588466223662,0.0618421856003503,-0.0740522556006908,0.305878862738609,0.140631633018438,0.856817696110478,0.596151299774647,1.07405225560069,0.121048788535202,1,"Far",0.119365462514528,0.859785272185142
"18","A1CFUMXK9QFT9M",106,"Near-Near",3,12,0,0,5,3,62.996,NA,40.3668181818182,40.3668181818182,21.415,12.5034763807233,0.151809620857239,0.0454048532992601,0.288960009813309,0.0896146480745572,0.869183582576542,0.702958784997463,1.03207412734628,0.0831002429107286,0,"Near",0.459214576296732,1.64315108061654
"19","A1CKIYN01NV9GJ",5,"Far-Far",2,5,3,4,0,2,97.959,49.496,63.22175,76.9475,44.154,20.5768379783557,0.165495131164789,0.144449684768915,0.187439605593681,0.0215090565037853,0.890696927951649,0.793923832476139,1.03750324808061,0.0852753164177105,1,"Far",-0.830986727376019,0.0213733971299075
"20","A1D01TUSE0H5TW",142,"pInspControl",1,6,0,0,0,1,127.438,NA,79.4928,79.4928,53.387,26.3378534691042,0.126675212755799,0.0336342677474022,0.257105559110641,0.0993522384463096,0.850671508039037,0.659153439104557,1.02915083058178,0.126484957219174,0,"Near",-0.248801128582135,1.16330897391194
"21","A1E19W3O1EQYA",107,"Near-Near",5,6,2,1,0,5,108.399,80.358,85.9662,108.399,62.006,17.2871125339081,0.230429947376251,0.173415042459965,0.264748752117157,0.0405585597157733,0.770515789712469,0.539570495486259,0.922356057912111,0.090988837880527,1,"Near",0.457557824390912,1.17380573506817
"22","A1ENTWNZQLZ3K",6,"Far-Far",6,4,1,0,0,6,164.716,164.716,135.354,120.673,110.545,22.3483283043723,0.0393106732517481,0.0390704646706581,0.0395508818328381,0.000339706233175838,0.959469689366718,0.881188469007611,1.09238884970546,0.0759203319328486,1,"Far",0.0862566366500097,1
"23","A1ESM3HT7G0E6Z",71,"Near-Far",5,4,1,9,4,5,106.846,NA,98.6306666666667,98.6306666666667,92.588,6.02013296272486,0.278070256114006,0.214686676859856,0.341453835368156,0.0896379174129694,0.769626510639985,0.635287553071976,0.916158471256495,0.11548950483974,1,"Near",-0.316908088544109,0.763319042173849
"24","A1GBOH6P5JZ681",7,"Far-Far",0,9,0,0,0,0,72.591,NA,49.01325,49.01325,23.547,12.585613212613,0.0643095331532615,-0.126439731568098,0.234681889414787,0.132982555684353,0.903344163535318,0.752746865153313,1.1264397315681,0.0875956850678611,0,"Far",0.146827738271971,1.06264248025605
"25","A1IEW5EXDOKMKD",72,"Near-Far",6,9,0,0,6,6,61.076,NA,47.554125,47.554125,38.032,7.04268117334406,0.282655805607127,0.141057478205767,0.447580933570862,0.104173642115316,0.778610274740559,0.552419066429138,0.921852889470756,0.0878416994156349,0,"Near",0.158888821923446,0.650665027337416
"26","A1IS0218RVG60K",8,"Far-Far",0,6,1,0,0,0,156.604,73.9992,73.9992,NA,25.677,45.5059078951294,0.320899208076298,0.065107200294733,0.594055354595184,0.290741584818464,0.922576238789285,0.820268448442221,1.02937963884324,0.0686239509494342,1,"Far",0.404860414595715,1.07596768542544
"27","A1IXUTQDYODKJI",73,"Near-Far",0,4,2,5,0,0,178.609,123.097,108.194,78.388,67.5849999999999,49.9858671426235,0.344324793666601,0.00889138132333755,0.679758206009865,0.47437448100893,0.879502269439399,0.77841755002737,0.991108618676662,0.097299270823768,1,"Near",-0.216896952357665,-0.0235568557708294
"28","A1JFQYGO8M6EWX",108,"Near-Near",5,10,1,0,0,5,87.702,64.072,51.5703333333333,47.9984285714286,30.061,17.5802326302394,0.190278886875603,0.0403530411422253,0.269941471517086,0.0782321637610387,0.849583054716802,0.65345510840416,1.12735384330153,0.102180235185664,1,"Near",-0.0936915124983008,0.630276269015426
"29","A1KDMPYXFE8ZAZ",37,"Far-Near",7,12,1,0,0,7,64.151,60.5505,29.7047272727273,22.8501111111111,9.49799999999999,16.4843380824505,0.162997333309613,-0.0929656438529491,0.531213130801916,0.196453210153925,0.849473964939755,0.468786869198084,1.09296564385295,0.135295780903118,1,"Far",-0.487078951808676,0.729222389598123
"30","A1NITMHYG5YL3H",109,"Near-Near",0,3,1,0,0,0,122.446,NA,97.0565,97.0565,71.667,25.3895,0.437716245651245,0.437716245651245,0.437716245651245,NA,0.681182652711868,0.562283754348755,0.807097472250462,0.12255756394719,1,"Near",0.661708796468693,0.758466982356156
"31","A1O901WTP8TNIE",38,"Far-Near",1,3,1,3,1,1,135.185,NA,110.542,110.542,85.899,24.643,0.146790068596601,0.146790068596601,0.146790068596601,NA,0.879553055623546,0.819748070091009,0.965701165376231,0.0764594444859029,1,"Far",-0.35865364646313,0.0907361094157487
"32","A1OFS99W7B2RET",143,"pInspControl",0,9,0,0,0,0,105.112,NA,45.967875,45.967875,25.632,25.3782015686568,0.130465543363243,-0.0575349144637585,0.229032799601555,0.0985161194814634,0.854197170190875,0.643789723515511,1.05753491446376,0.110354629132482,0,"Near",0.477817674537244,1.07417742607785
"33","A1OK974KXKO6FJ",110,"Near-Near",6,9,0,0,0,6,82.216,NA,54.24025,54.24025,34.731,16.560004678064,0.388706590448107,0.265600308775902,0.705189034342766,0.145705831752495,0.731213282069398,0.294810965657234,0.931866902858019,0.13990383264995,0,"Near",-0.454062732984832,0.0636376794504086
"34","A1PG8JACPB207H",74,"Near-Far",6,16,1,2,0,6,64.956,35.9736666666666,30.2123333333333,28.772,11.614,13.0131975812592,0.197813814971596,0.0476211877539754,0.388767391443253,0.101351318850545,0.840406235986544,0.611232608556747,1.08289111219347,0.0968510095080565,1,"Near",-0.0057280501257941,1.2185504298985
"35","A1RDRK3QTM7U96",39,"Far-Near",6,7,1,0,0,6,253.35,253.35,70.323,33.7176,27.053,82.0097392793482,0.194404881447554,-0.0420226976275444,0.546006917953491,0.267516730947526,0.823644854283581,0.453993082046509,1.04202269762754,0.147291045991597,1,"Far",0.359025527351571,1.16483702632554
"36","A1RSJ45RXTREWN",9,"Far-Far",3,10,1,0,0,3,94.439,53.8661428571429,47.7096666666667,26.162,23.067,28.0309297185964,0.12291992122482,0.0193938513984904,0.240763135254383,0.0775716917146632,0.875797408200904,0.65596042573452,1.06204986572266,0.0890975966611537,1,"Far",-0.236607500518223,0.541152126634504
"37","A1RTGA9KHJ6VS4",40,"Far-Near",1,10,0,0,0,1,85.868,NA,37.0107777777778,37.0107777777778,18.5440000000001,20.4247332188631,0.204139297129586,0.0918187964707613,0.337929233908653,0.0845791442380895,0.826227236363694,0.652302213013172,0.968879599124193,0.076420463993414,0,"Far",0.167271223128558,0.770613116445697
"38","A1S04H6JP4JN7X",10,"Far-Far",0,4,0,0,0,0,178.999,NA,105.708333333333,105.708333333333,63.9250000000001,51.9938484139123,0.0546596725471318,0.021711747162044,0.0876075979322195,0.0465954029316478,0.867655937715123,0.727662846446037,0.978288252837956,0.0861493359093752,0,"Far",0.666650739646207,1.17127697073091
"39","A1S6C6EN8MPKC3",144,"pInspControl",0,9,0,0,0,0,78.349,NA,43.517125,43.517125,20.437,21.566574093012,0.150676905909287,0.0317145925946534,0.336090050637722,0.102626802726617,0.882581345587419,0.631866112351418,1.06824800558388,0.0969675048906685,0,"Near",0.0275506010247307,1.58876747097039
"40","A1TCAFE0DO64CG",11,"Far-Far",0,3,2,4,0,0,169.144,157.289,157.289,NA,145.434,11.8550000000001,0.00672668777406216,0.00672668777406216,0.00672668777406216,NA,0.866521438583732,0.773259446024895,0.993273312225938,0.113766007363431,1,"Far",0.0502253066952111,0.824778131272514
"41","A1TL6GOSY0W1YC",75,"Near-Far",5,7,0,0,0,5,85.352,NA,60.9711666666667,60.9711666666667,34.167,19.3617855359181,0.102397712506354,-0.0251451507210732,0.235467292368412,0.0922022543521545,0.877716878340358,0.637853965163231,1.0634964639321,0.0964499944270472,0,"Near",0.0646210743071106,1.28297296030651
"42","A1V6BJT8KGVC1K",145,"pInspControl",0,14,0,0,0,0,50.309,NA,34.6994615384615,34.6994615384615,19.863,10.6634700198343,0.154027684708126,-0.0119779543019831,0.358073741197586,0.0932125938385461,0.848051187584873,0.641926258802414,1.01197795430198,0.0694051178764542,0,"Near",0.0364099140179979,1.50170211155656
"43","A1VCAMP3XM62R4",41,"Far-Near",0,13,2,0,0,0,49.016,37.9278333333333,32.6950833333333,27.4623333333333,18.74,9.10266138242303,0.163955529305068,0.0602352544665337,0.408453166484833,0.101194787625977,0.854671012476805,0.591546833515167,1.06003262428567,0.092485053451769,1,"Far",0.215211235192965,1.06461896187954
"44","A1W045DUHMM4LZ",146,"pInspControl",0,7,0,0,0,0,99.087,NA,72.0108333333333,72.0108333333333,49.121,18.6863132837617,0.067922346512205,0.00949641037732363,0.163508169353008,0.0586394936182855,0.897315221631461,0.796187989413738,1.0167192062363,0.0657440145732641,0,"Near",0.13626018000514,0.694376059857977
"45","A1WAIQEBF6RLC6",76,"Near-Far",4,7,1,0,0,4,104.473,NA,60.5276666666667,60.5276666666667,37.46,23.3279513007227,0.224306512996554,0.0927415732294321,0.4089060947299,0.122051896244409,0.79414910324184,0.5910939052701,0.920908413361758,0.0881329339624242,1,"Near",-0.0298993725070106,1.26538136053298
"46","A1WH32GYQOHIRQ",77,"Near-Far",7,7,2,0,0,7,123.215,66.9744,66.4466666666667,63.808,25.9110000000001,29.6575884536974,0.235700777359307,0.0491031305864453,0.449772223830223,0.172791402927222,0.820299384361576,0.550227776169777,0.950896869413555,0.115712507142371,1,"Near",-0.312133066716303,0.688203841863642
"47","A1XSASRSF9IIIM",42,"Far-Near",4,7,0,0,0,4,79.847,NA,61.4951666666667,61.4951666666667,38.35,15.347383386283,0.153296717256308,0.0329979881644249,0.278444848954678,0.10342057530058,0.801836322948691,0.590026542544365,0.967002011835575,0.0891628623093908,0,"Far",0.320645926819773,1.04983843962656
"48","A1YGSYTOGXCQY7",111,"Near-Near",3,4,0,0,0,3,132.776,NA,111.275,111.275,73.667,26.6838909831382,0.125873392447829,0.096513070166111,0.155233714729548,0.0415217659664509,0.801095735281706,0.479902014136314,0.922159794718027,0.163951406335092,0,"Near",0.441058836355302,0.752309658414747
"49","A21DOCRFZD6YKE",147,"pInspControl",0,14,0,0,0,0,50.99,NA,31.5083076923077,31.5083076923077,23.042,8.37473993520087,0.109144554787781,0.0317166899330914,0.22272115945816,0.0620860199429571,0.876809583404489,0.458877120167017,1.05178191699088,0.0814408495503447,0,"Near",-0.0398359941172964,1.11378197407509
"50","A258MR1IS96JEP",78,"Near-Far",1,8,1,0,0,3,74.54,55.0214285714286,55.0214285714286,NA,28.124,17.8871069357404,0.154081941892703,0.00712998956441879,0.336450904607773,0.123917744946355,0.848280408619238,0.54132941365242,1.0079445913434,0.104762528084182,1,"Near",-0.0221086577347795,0.69867985755295
"51","A25M8E1A9XVR5A",43,"Far-Near",1,7,1,0,0,1,93.585,53.6982,53.7846666666667,54.217,22.436,22.4811086519821,0.0312643530982314,-0.0591686144471169,0.112238216781407,0.065195987553777,0.925072511353868,0.766352660953999,1.05916861444712,0.0793004869349971,1,"Far",-0.114660579064322,2.11726135766395
"52","A26RO8GGTQAXGG",79,"Near-Far",2,7,2,1,0,2,115.164,67.2936,67.3955,67.905,26.956,29.6120616402056,0.164502381719649,-0.0120535707101226,0.42123094946146,0.17436807635465,0.841442930999966,0.57876905053854,1.01205357071012,0.106318441502606,1,"Near",-0.00721586512973208,0.694654379973611
"53","A26T6O5EFR54A9",148,"pInspControl",0,4,0,0,0,0,84.241,NA,80.347,80.347,76.773,3.05718345322393,0.0977862617000937,0.0869449656456709,0.108627557754517,0.0153319079138667,0.928425636055181,0.849837798625231,1.0445291865617,0.0664037778351556,0,"Near",0.293688756113562,0.66006111233438
"54","A273AB0Z9KBLGG",112,"Near-Near",1,4,2,1,0,1,103.116,91.4233333333333,91.4233333333333,NA,73.008,13.1787354308202,0.160433521494269,0.0929988101124763,0.227868232876062,0.095367083410847,0.9221285203627,0.772131767123938,0.99387592356652,0.0801175201239275,1,"Near",0.340287643348083,0.617343996745975
"55","A29RJVVL54THB5",44,"Far-Near",6,5,0,0,0,6,283.583,NA,111.3115,111.3115,25.4640000000001,101.882355156573,0.0976383530845245,-0.0224203392863274,0.332139939069748,0.203103741154877,0.888998603541404,0.667860060930252,1.02242033928633,0.134295933133472,0,"Far",0.0764156825883021,0.735820330021795
"56","A2ADDMNS8KVPYV",149,"pInspControl",8,5,0,0,0,8,176.234,NA,85.93825,85.93825,30.6990000000001,54.4304194057652,0.127785259392112,0.089623601641506,0.174119370989501,0.0428366141383251,0.896675804862753,0.772258140146732,1.06468778336421,0.0835196595626039,0,"Near",0.181571147550575,1.07973937034203
"57","A2AK649KPZ2IZN",80,"Near-Far",9,7,0,0,0,9,76.117,NA,54.3966666666667,54.3966666666667,43.443,10.8500576444961,0.205425817891955,0.127605453133583,0.386386230587959,0.108597849786777,0.812467392844458,0.610057838261127,0.962922558188438,0.0958489000344326,0,"Near",-0.23700378848351,0.713395128960079
"58","A2AQKBS7JI2OOT",81,"Near-Far",3,6,0,0,0,3,119.521,NA,73.9632,73.9632,58.2089999999999,23.0964121230982,0.41746443323791,0.324066132307053,0.522551745176315,0.0817793040664836,0.641119063459337,0.170556396245956,0.924745568074286,0.182886575125216,0,"Near",0.143989581755925,0.863128949777669
"59","A2AWBDW9V1E9KT",45,"Far-Near",6,7,1,0,0,6,73.755,73.755,59.5075,56.658,46.136,10.9287091300849,0.179699866473675,-0.00376864150166512,0.698277354240417,0.294929111618688,0.870641725503707,0.301722645759583,1.0281588556245,0.16073582780304,1,"Far",0.734100488892511,1.41229685009085
"60","A2B0FLA55RH047",113,"Near-Near",5,6,0,0,0,5,123.618,NA,75.9026,75.9026,37.744,33.4016835958908,0.186766603961587,0.138147380203009,0.281636081635952,0.0654735340731415,0.8701393470789,0.718363918364048,1.02600176259875,0.0740480008310563,0,"Near",-0.440825682092211,0.179297587396027
"61","A2BWTQWFM1J2IN",82,"Near-Far",9,10,1,0,0,9,74.943,64.213,48.6777777777778,46.735875,27.097,17.2277489583764,0.140673341637012,-0.00628410233184695,0.317584797739983,0.100665986353121,0.845369129664161,0.417197436094284,1.04378305003047,0.104874783291668,1,"Near",0.356976615616589,1.43247610229163
"62","A2C1GIV5DE7IAG",83,"Near-Far",0,5,0,0,0,0,102.837,NA,77.89925,77.89925,56.882,16.4425236258763,0.202727235853672,0.184018976986408,0.223138675093651,0.019615384588046,0.83042034568886,0.776861324906349,0.925246145576239,0.051763060043914,0,"Near",0.702920529213058,1.4693954133975
"63","A2C7GACUTX1SR0",114,"Near-Near",0,4,0,0,2,0,128.658,NA,93.582,93.582,75.351,24.8089309322268,0.173922646790743,0.152744248509407,0.195101045072079,0.0299507780788042,0.812735591704647,0.729369319975376,0.878781910985708,0.0562789700787312,0,"Near",0.959251312786458,1.39396236597595
"64","A2C7VUFGB8WGCG",115,"Near-Near",0,8,0,0,0,0,73.357,NA,53.8761428571429,53.8761428571429,44.494,10.1629222376324,0.238257258402882,0.089672404632438,0.36186571419239,0.105322704309174,0.80295401618475,0.514127224683762,1.00514411716722,0.107808402027512,0,"Near",0.265645003244024,1.61493982941891
"65","A2CSENNI43N272",150,"pInspControl",5,5,0,0,0,5,94.112,NA,72.50075,72.50075,29.311,25.6387317098077,0.14291439546893,0.124719012528658,0.161474167369306,0.0183802866225119,0.89087853339297,0.808925956487656,0.961535077542067,0.053740679609675,0,"Near",-0.259141083692035,0.627870702105181
"66","A2DB0ZQHVD35PW",84,"Near-Far",1,2,2,6,0,1,270.218,270.218,270.218,NA,270.218,0,NA,NA,NA,NA,1.07796074822545,1.07796074822545,1.07796074822545,NA,1,"Near",0.889756065223321,1.09668836846737
"67","A2GR1NO60FBJ2",116,"Near-Near",3,7,1,0,2,3,119.104,81.39325,68.7463333333333,43.4525,39.161,29.97400659275,0.132749951258302,-0.0168600380420685,0.216872610151768,0.0895510417216109,0.854587827077402,0.748165853321552,1.01686003804207,0.0698266856519261,1,"Near",-0.0784286876226447,0.845906186016981
"68","A2HGDILIMZWQI9",117,"Near-Near",0,5,0,0,2,0,110.048,NA,93.759,93.759,74.6300000000001,12.6863943262064,0.225572347873822,0.0940925143659115,0.327520370483398,0.119483207582081,0.77697406380903,0.672479629516602,0.905907485634089,0.081278629056444,0,"Near",-0.13438285667881,0.0669649530182425
"69","A2LAKROAU2MVEN",12,"Far-Far",5,14,0,0,9,5,50.5799999999999,NA,34.0986923076923,34.0986923076923,19.739,8.63025596718729,0.0299110736232251,-0.124612318351865,0.380122177302837,0.142831007736961,0.882788096551059,0.5906583070755,1.12461231835186,0.119746539530646,0,"Far",-0.323601954105675,0.537098866835491
"70","A2LU259QPV1I4V",85,"Near-Far",0,1,1,0,0,0,NA,NA,NA,NA,NA,NA,NA,NA,NA,NA,NA,NA,NA,NA,1,"Near",-0.308687864270379,-0.308687864270379
"71","A2MVVY1KMW999",86,"Near-Far",1,6,0,0,0,1,41.033,NA,33.7502,33.7502,28.126,5.24560964617079,0.15418420988135,0.0714327851310372,0.287795076146722,0.0949468887329451,0.821542526168438,0.596755011705682,1.01710715424269,0.112405097223439,0,"Near",-0.162625304678723,1.1169320238685
"72","A2NGG3KW6YTS1G",87,"Near-Far",0,6,0,0,0,0,95.5629999999999,NA,73.3708,73.3708,51.683,16.2257170245262,0.153877023607492,0.124702271074057,0.180767901241779,0.029013346174865,0.836762129468843,0.693639695644379,0.937896244227886,0.0658540052469161,0,"Near",-0.059669379570641,0.656546328958553
"73","A2NMETDZGRDQ55",151,"pInspControl",3,4,0,0,0,3,105.832,NA,80.0113333333333,80.0113333333333,34.994,31.9467219949437,0.185808902140707,0.146826627664268,0.224791176617146,0.0551292612567302,0.832627566492495,0.759595416486263,0.927379303378984,0.0674055581923198,0,"Near",0.329160668606476,0.952788299816483
"74","A2NR3V8TOE2NHY",118,"Near-Near",5,6,0,0,0,5,133.407,NA,87.514,87.514,25.122,42.1594734170151,0.157645558472723,0.0456096846610308,0.328200645744801,0.135899925848601,0.819250392541289,0.589923664927483,0.957843437790871,0.114198320440473,0,"Near",-0.026755630350957,0.687344815370515
"75","A2OJ5XOEKTKRR9",46,"Far-Near",7,7,0,0,0,7,111.104,NA,63.4076666666667,63.4076666666667,39.246,22.9993432998036,0.193177403882146,0.11115544103086,0.237047456204891,0.0710906187824945,0.825262356859942,0.729993477463722,0.928575257770717,0.0673488274329513,0,"Far",0.548021071767379,1.08749123336107
"76","A2P2KRN6Y2CQ5B",88,"Near-Far",0,7,3,0,0,0,87.923,64.3576,61.6248333333333,47.961,37.202,19.2079104139993,0.146666143834591,-0.0138464458286762,0.364715665578842,0.15142559810544,0.884693280093294,0.635284334421158,1.06808628092404,0.122956842104001,1,"Near",0.35150646851146,1.15289383980539
"77","A2PGTCN71FKOYF",119,"Near-Near",0,3,0,0,0,0,179.595,NA,175.6335,175.6335,171.672,3.96150000000008,NA,NA,NA,NA,0.612909853458405,0.612909853458405,0.612909853458405,NA,0,"Near",0.550852868103304,0.983855452332878
"78","A2PXJTMWGUE5DC",120,"Near-Near",0,5,1,0,0,0,105.314,95.12,90.58325,89.071,72.006,12.0744333070956,0.172369675012305,0.0931557302828878,0.239658676087856,0.073975884538438,0.815690306364559,0.760341323912144,0.906844269717112,0.0523005645825057,1,"Near",-0.210331136590387,0.139998548590212
"79","A2Q0KK9YL1O7B6",121,"Near-Near",4,7,0,0,0,4,96.988,NA,67.2693333333333,67.2693333333333,47.426,18.4487361235277,0.118261971697211,0.0866555832326412,0.145682543516159,0.0254437747464981,0.828075238204162,0.624852910637856,0.951365414308384,0.0799625103951359,0,"Near",0.683689590328481,1.55796284791467
"80","A2Q547IGXUG5B6",13,"Far-Far",0,8,3,1,0,0,85.9040000000001,61.2461428571429,61.2461428571428,NA,33.8919999999999,18.4471814527592,0.101222935908784,0.0286665335297585,0.185132609680295,0.0595187054639981,0.87571035212438,0.538491155952215,1.07489658892155,0.102738778590237,1,"Far",-0.130919572004576,0.358754752346895
"81","A2Q9ZJ26LVHU5G",152,"pInspControl",0,5,0,0,0,0,121.08,NA,83.2695,83.2695,56.664,25.5740852866725,0.161839838838205,0.0715747096110135,0.255125407129526,0.0918126185716769,0.849240343971178,0.606594808399677,1.04192081652582,0.142914799441077,0,"Near",0.0101815851941876,0.398706548526921
"82","A2QJEZZWUPNL4A",122,"Near-Near",0,7,0,0,0,0,112.125,NA,71.3061666666667,71.3061666666667,47.0360000000001,20.9391029210635,0.363585959374905,0.0905173867940903,0.556040000170469,0.171004238192639,0.639058373147799,0.443959999829531,0.90948261320591,0.125377230806673,0,"Near",0.514852462357684,0.85941848863062
"83","A2QT68NJYAJV9P",123,"Near-Near",3,4,0,0,0,3,214.952,NA,102.220333333333,102.220333333333,43.2729999999997,79.7411882042287,0.102929942775518,0.0336291566491127,0.172230728901923,0.0980061116230792,0.863889458045984,0.737376272678375,1.02018678700551,0.111704068265912,0,"Near",0.35943625946245,0.700474176646062
"84","A2R40R4O6G0YBY",47,"Far-Near",5,10,0,0,1,5,54.059,NA,42.079,42.079,25.248,7.83499623484275,0.225105629302561,0.0996598638594151,0.356175363063812,0.0809255643839214,0.836875035882824,0.619493462145329,1.05921366810799,0.0942160221670972,0,"Far",0.16826654627387,1.10588994538959
"85","A2RMJNF6IPI42F",153,"pInspControl",6,5,0,0,0,6,60.523,NA,38.32475,38.32475,15.379,22.1868575329518,0.286524244894584,0.0771764032542706,0.52287957072258,0.224075615639971,0.825020372308791,0.47712042927742,1.14727129787207,0.177308983043784,0,"Near",0.177290117364419,0.952740551902494
"86","A2TUS3SMO9D6JU",89,"Near-Far",0,2,0,0,0,0,119.333,NA,119.333,119.333,119.333,0,NA,NA,NA,NA,0.906997120007873,0.906997120007873,0.906997120007873,NA,0,"Near",0.0202021869131228,0.520012274327366
"87","A2UYNLN1B4JV8Y",90,"Near-Far",4,5,0,0,0,4,104.318,NA,76.95075,76.95075,58.993,16.7401201813936,0.103238629177213,-0.0361789464950562,0.246336333453655,0.141293589242514,0.865874415170401,0.71958963945508,1.06574221886694,0.120362043775664,0,"Near",-0.0733779389074423,1.01451687136785
"88","A2V8WP19CYR0H3",48,"Far-Near",0,7,0,0,0,0,203.613,NA,71.8536666666667,71.8536666666667,25.061,60.5453022170635,0.110233333380893,0.00989038939587772,0.196954302024096,0.0797277849006922,0.907404306438929,0.711099892854691,1.06567361578345,0.0800308400299426,0,"Far",0.110806353334133,0.887667496249009
"89","A2VGC7KPMJ9A40",14,"Far-Far",0,6,0,0,0,0,115.49,NA,55.9538,55.9538,27.891,31.5923527607553,0.368990161766609,0.22354980930686,0.547758340835571,0.164653730595062,0.718783078342676,0.452241659164429,0.864624921232462,0.117553521178359,0,"Far",-0.0890530887195247,0.583644501597094
"90","A2WQJZIES4TGXD",91,"Near-Far",0,6,0,0,0,0,104.836,NA,77.9154,77.9154,60.741,14.676058716154,0.109153796205646,0.0403253090917133,0.159265236929059,0.0511055050781064,0.875840254002833,0.75943860411644,0.959674690908287,0.062870301257992,0,"Near",-0.12480500166408,0.264499121228547
"91","A2YKW761AK4ZGY",124,"Near-Near",3,3,0,0,0,3,82.351,NA,78.7505,78.7505,75.15,3.60050000000002,0.151144921779633,0.151144921779633,0.151144921779633,NA,0.745956998318434,0.649986531585455,0.848855078220367,0.0996151021599366,0,"Near",0.407255277768066,0.885651874715009
"92","A30QIP839AZBGL",15,"Far-Far",4,6,0,0,2,4,125.886,NA,84.0636,84.0636,53.1220000000001,27.812263982639,0.152817664435133,0.0725677376613021,0.252903625369072,0.0855276695808023,0.87925560483709,0.747096374630928,0.990661780815572,0.0814546812418959,0,"Far",0.417859576834845,0.809514414881237
"93","A31BENEKICWUVP",49,"Far-Near",7,7,4,3,0,7,103.455,75.8008,67.8726666666667,28.232,28.232,22.5881189320601,0.22033837554045,0.161017454229295,0.28547303378582,0.0557491152725068,0.745888820017821,0.385837391018867,0.86445202305913,0.112345064601073,1,"Far",0.129475904683919,0.755981865794514
"94","A32W24TWSWXW",16,"Far-Far",3,4,2,1,0,3,147.366,109.950666666667,109.950666666667,NA,88.861,26.5280266929567,0.132621702738106,0.0870078150182962,0.178235590457916,0.0645077786459189,0.854021092876792,0.793816782534122,0.948179753497243,0.0635509521213528,1,"Far",-0.30643980300799,0.991930050147487
"95","A33B85TN97HQ33",125,"Near-Near",7,8,1,0,3,7,101.409,101.409,54.2105714285714,46.3441666666667,36.009,20.5976959658609,0.232352506369352,0.0121127404272556,0.354352425783873,0.121294174329106,0.805702340040755,0.645647574216127,0.987887259572744,0.0835769672463952,1,"Near",-0.201462475658427,0.756929239013892
"96","A35NZAXRVLAC0G",50,"Far-Near",0,9,7,17,0,0,77.276,49.95175,49.95175,NA,29.954,13.681262448601,0.221525375332151,0.117329455912113,0.319301076233387,0.076702123786797,0.776277019305982,0.598399966955185,0.963669635355473,0.0719738827793779,1,"Far",-0.0169007724180206,1.137850429514
"97","A35R4APHZXD833",17,"Far-Far",1,4,0,0,1,1,54.315,NA,47.9336666666667,47.9336666666667,41.998,5.03825937755848,0.148142661899328,0.136952385306358,0.159332938492298,0.0158254409244842,0.855452756242206,0.754573196172714,0.93499234970659,0.0588263415090798,0,"Far",-0.327213314535895,0.997175769356788
"98","A35W13N45CZB1O",154,"pInspControl",3,9,0,0,0,3,65.7,NA,52.868125,52.868125,44.2329999999999,7.98654857303047,0.0955641355365515,0.0315104518085718,0.178356818854809,0.0612512354755863,0.909231935806539,0.796831250190735,1.01383593864739,0.0680152142244422,0,"Near",0.104356432740114,0.917631789347222
"99","A36O6HV8LCXLJR",155,"pInspControl",6,5,0,0,0,5,113.66,NA,95.53775,95.53775,67.118,18.624317656964,0.235812195887168,0.114361751824617,0.427984729409218,0.168348012968362,0.805746456515044,0.572015270590782,1.00621484126896,0.118359633652868,0,"Near",0.00179737816608113,1.16137670142871
"100","A36W7RZROOARHJ",51,"Far-Near",0,3,0,0,0,0,290.315,NA,198.642,198.642,106.969,91.6729999999999,NA,NA,NA,NA,0.826994821429253,0.826994821429253,0.826994821429253,NA,0,"Far",0.442704992911186,1.12959191485661
"101","A3760PCQD2MPIO",126,"Near-Near",0,4,1,0,0,0,125.192,106.608,112.802666666667,125.192,104.771,8.88805394273066,0.22442588955164,0.202058136463165,0.246793642640114,0.031632779777533,0.675999557288984,0.481904372572899,0.797941863536835,0.11836829364984,1,"Near",-0.00634926194440884,0.575024491878521
"102","A37H4LHTQ3J1Y8",92,"Near-Far",0,4,0,0,1,0,152.013,NA,130.650666666667,130.650666666667,105.916,18.969498786795,0.0878761848434806,0.0659598838537931,0.109792485833168,0.0309943300966669,0.874607752077281,0.794960800558329,0.934040116146207,0.0459916686195352,0,"Near",-0.3738625369245,0.357334073596423
"103","A38BPA6LLVQCN",18,"Far-Far",6,7,1,0,0,6,103.694,81.291,67.11,60.0195,42.576,24.3996033915854,0.196482695173472,0.0926502477377653,0.271295592188835,0.0751932093713477,0.8176508564502,0.708994969725609,0.907349752262235,0.0628597998289483,1,"Far",-0.0223258305237908,0.581982020490214
"104","A38HODAQUKJKKS",52,"Far-Near",5,6,2,0,0,5,141.415,68.8876,68.8876,NA,27.682,41.1232870602533,0.160120659818252,0.016953457146883,0.274495899677277,0.131163105590219,0.784038750082254,0.497489422559738,0.983046542853117,0.161352362748796,1,"Far",-0.116867015902564,0.932912289937733
"105","A38VPNGB4ZXGF0",156,"pInspControl",3,3,0,0,0,3,128.925,NA,113.5675,113.5675,98.21,15.3574999999999,0.170681580901146,0.170681580901146,0.170681580901146,NA,0.810435717304548,0.762962140142918,0.839026592671871,0.0413988834984941,0,"Near",-0.109910379694571,0.502216101400845
"106","A3914P24XPNPY3",19,"Far-Far",4,6,1,0,0,4,109.185,76.6512,76.6512,NA,23.028,32.8569067101576,0.0395611049607396,-0.00628983229398727,0.0915030874311924,0.0423218911224441,0.863736192098198,0.630555674433708,1.00628983229399,0.0953534601869108,1,"Far",0.0310421223454968,0.481468707410868
"107","A39C3299FW5PTO",53,"Far-Near",9,10,3,5,3,9,99.715,51.6966666666667,46.6871111111111,36.668,24.646,20.6713363081692,0.119765208452009,-0.0697372108697891,0.242373064160347,0.106649421922483,0.858786329502861,0.661066398024559,1.06973721086979,0.0932179635343323,1,"Far",0.352985278696241,1.06406834223847
"108","A39E9936894TJR",54,"Far-Near",0,2,0,0,1,0,275.044,NA,275.044,275.044,275.044,0,NA,NA,NA,NA,0.83087990898639,0.83087990898639,0.83087990898639,NA,0,"Far",0.397939252140984,0.665723972345942
"109","A39J3Y8YVC6AIZ",55,"Far-Near",4,1,1,0,0,4,NA,NA,NA,NA,NA,NA,NA,NA,NA,NA,NA,NA,NA,NA,1,"Far",-0.610420920585832,-0.610420920585832
"110","A39KXU2B7L9MAC",93,"Near-Far",3,3,0,0,0,3,127.658,NA,110.634,110.634,93.61,17.024,0.00613851845264435,0.00613851845264435,0.00613851845264435,NA,0.908572610002011,0.789568066596985,0.993861481547356,0.10623798635485,0,"Near",-0.434115398695938,0.123945972913619
"111","A39W0L8ENJR734",157,"pInspControl",2,5,0,0,0,2,160.747,NA,104.923,104.923,51.318,39.4175959883401,0.115549944341183,0.085335798561573,0.166437812149525,0.044327601321254,0.901889599707101,0.786262519657612,1.00550513748203,0.0603536875307902,0,"Near",1.04234894928013,2.21488938850137
"112","A3AY0315YWWNXY",20,"Far-Far",5,2,2,1,0,9,192.783,192.783,192.783,NA,192.783,0,NA,NA,NA,NA,0.626715317368507,0.626715317368507,0.626715317368507,NA,1,"Far",0.483814675479867,0.824301268515323
"113","A3B6K6TUKM2133",56,"Far-Near",6,14,2,1,1,6,286.406,84.5466,85.742,86.489125,37.1919999999999,63.5761964018223,0.245749535349508,0.0193798113614321,0.578864276409149,0.183658662545376,0.796750298460081,0.3596061617136,1.02016716171056,0.140953498281981,1,"Far",-0.10707409076655,1.13263383669417
"114","A3BPTARPGHYU1N",57,"Far-Near",6,9,1,0,0,6,93.879,54.9182857142857,54.47025,51.334,41.576,15.1866248204629,0.0966182610912559,0.00668502354528755,0.157040826976299,0.0547738260981321,0.88362192419923,0.618299394845963,0.994230467826128,0.0795109640159045,1,"Far",-0.0711599029346972,0.390258405207485
"115","A3DCWHFPPB2XDJ",94,"Near-Far",1,8,0,0,0,1,151.448,NA,62.176,62.176,24.676,42.8144084992758,0.25079316024979,0.205485641956329,0.324593871831894,0.0418576751382495,0.768689487595111,0.511983580887318,0.900283854454756,0.0814227818604952,0,"Near",0.0893386951330872,1.27958799715214
"116","A3ESC1H6BBKF30",21,"Far-Far",6,2,0,0,0,6,48.019,NA,48.019,48.019,48.019,0,NA,NA,NA,NA,0.910464961081743,0.910464961081743,0.910464961081743,NA,0,"Far",-1.0435429118525,-0.812580181293749
"117","A3FLS400XTDG6O",158,"pInspControl",8,6,0,0,0,8,131.815,NA,62.522,62.522,20.295,41.8832288822149,0.0957778301090002,0.0385742150247097,0.152981445193291,0.0808981282689738,0.852893452672288,0.728781327605247,1.04599775839597,0.103958333279165,0,"Near",-0.318395294147345,0.0900901991150562
"118","A3G2JDGJCXCWVD",159,"pInspControl",1,4,0,0,0,1,178.409,NA,114.550666666667,114.550666666667,71.612,46.0407366168508,0.201251139864326,0.1778744161129,0.224627863615751,0.0330596797731155,0.873824053133527,0.775372136384249,0.968627662397921,0.0725455115051041,0,"Near",-0.384656763687891,0.546370612471919
"119","A3GLT78I4NBP4Q",95,"Near-Far",1,3,0,0,0,1,39.635,NA,33.8855,33.8855,28.136,5.7495,0.0296156518161297,0.0296156518161297,0.0296156518161297,NA,0.841709057490031,0.651989564299583,0.97038434818387,0.167745657455016,0,"Near",-0.132125095235203,0.0786176772136226
"120","A3GWGTLQNHVQ2M",127,"Near-Near",8,15,0,0,0,8,51.503,NA,32.6185,32.6185,23.929,7.02851406516954,0.164921531115066,0.00410249084234238,0.616730153560638,0.161324887054713,0.829635025723581,0.383269846439362,1.0884912442416,0.123796302586708,0,"Near",-0.471408562945864,0.532135711192378
"121","A3HNAJE7OJP66A",128,"Near-Near",7,12,0,0,0,14,51.686,NA,39.9722727272727,39.9722727272727,21.7900000000001,7.79617089101973,0.133429076691391,0.0471808984875679,0.391339138150215,0.0969220667942819,0.860746476759563,0.401741191744804,1.0849738791585,0.111648761844666,0,"Near",0.0290277059986545,1.18225657583705
"122","A3HNEYFOIJWPH1",160,"pInspControl",5,3,0,0,0,5,152.104,NA,123.2,123.2,94.296,28.904,0.319080322980881,0.319080322980881,0.319080322980881,NA,0.604548034568628,0.368656665086746,0.764067761600018,0.208475309423913,0,"Near",-1.5074236291913,-0.216852414997737
"123","A3J01A18AJBGKX",22,"Far-Far",1,6,0,0,0,1,77.558,NA,61.7272,61.7272,40.493,16.9739438127973,0.0567383640445769,-0.0119719002395868,0.137572329491377,0.0718501137740981,0.923312035699685,0.712990052998066,1.11941350996494,0.117741013022527,0,"Far",-0.378357541723365,-0.0206452687032797
"124","A3KYY84QBQYURV",129,"Near-Near",0,5,0,0,0,0,105.494,NA,96.63925,96.63925,84.543,7.80024055318171,0.224306990702947,0.121882505714893,0.3189307898283,0.0987554787996894,0.738738900236785,0.570209413766861,0.878117494285107,0.0936793672270314,0,"Near",-0.386391581072161,0.0233793994088658
"125","A3LN9BVLOWLYER",23,"Far-Far",4,15,0,0,0,4,57.483,NA,30.1342857142857,30.1342857142857,15.794,10.067200436698,0.19510822592733,0.0902300104498863,0.442499946802855,0.0997613779126848,0.82442675004048,0.557500053197145,0.991418906254694,0.0813830497595455,0,"Far",-0.284493563950302,0.882589798294275
"126","A3MCZ0MJJCELIJ",58,"Far-Near",4,2,0,0,0,4,115.279,NA,115.279,115.279,115.279,0,NA,NA,NA,NA,1.04743607202545,1.04743607202545,1.04743607202545,NA,0,"Far",-0.355312291741013,-0.260671352954106
"127","A3N2XX8SGRWA1",59,"Far-Near",0,5,0,0,3,0,141.368,NA,98.0585,98.0585,61.729,30.4939880181324,0.124618761241436,-0.0435890667140484,0.256965771317482,0.153452928809706,0.928930735075846,0.743034228682518,1.07470270106569,0.102992105921597,0,"Far",0.55369643824232,1.33116911116066
"128","A3O4LC94ZRV6SH",24,"Far-Far",4,3,2,3,0,4,225.615,191.6905,191.6905,NA,157.766,33.9245,-0.0374820241704583,-0.0374820241704583,-0.0374820241704583,NA,0.954142263469597,0.81354246661067,1.03748202417046,0.122459238792488,1,"Far",0.115288104628278,1.0321029879966
"129","A3OB3T7ZDKXLKE",96,"Near-Far",1,4,0,0,0,1,278.729,NA,145.436666666667,145.436666666667,70.455,94.4973197303618,0.338686406612396,0.291542112827301,0.385830700397491,0.0666720996593833,0.586224342385928,0.318564921617508,0.769916921854019,0.162631024857412,0,"Near",0.366948694567383,1.27720750214154
"130","A3SZO64Y8QCPPU",97,"Near-Far",0,9,0,0,0,0,78.7670000000001,NA,53.537125,53.537125,38.0429999999999,12.4148207642872,0.250305147469044,0.140217825770378,0.380802378058434,0.0874935598633992,0.824907326166535,0.619197621941566,0.951319318264723,0.0741267406305061,0,"Near",0.624376133106512,1.46761386105733
"131","A3TYWTLNIKKD29",161,"pInspControl",4,9,0,0,0,4,230.867,NA,55.86075,55.86075,9.88,69.0730400224104,0.215114283375442,0.145311161875725,0.297436743974686,0.063568997777208,0.810467650632615,0.618923120200634,0.929514108225703,0.0785317384275717,0,"Near",-0.156484469589993,0.623162347056833
"132","A3VBJKFVE970LX",25,"Far-Far",6,10,1,0,0,6,96.237,55.8715,47.1341111111111,29.6593333333333,22.393,25.3539285864229,0.19560491242737,0.057115025469102,0.380792908370495,0.100183930584158,0.856305532796412,0.619207091629505,0.988894736859947,0.0798702826230116,1,"Far",0.128776256865052,0.941415254147477
"133","A3VWJVCU8GRZ08",26,"Far-Far",0,2,1,0,0,0,173.722,173.722,173.722,NA,173.722,0,NA,NA,NA,NA,0.652083359658718,0.652083359658718,0.652083359658718,NA,1,"Far",-0.552029030864465,-0.312464833220067
"134","A40138RXNDEJL",27,"Far-Far",0,3,0,0,0,0,170.132,NA,125.507,125.507,80.882,44.625,0.00978421233594418,0.00978421233594418,0.00978421233594418,NA,0.88771355121086,0.760037705302238,0.990215787664056,0.117135692082736,0,"Far",0.00292773681939965,0.529175751576456
"135","A4E1UYPDHE8D8",162,"pInspControl",5,4,0,0,0,5,129.537,NA,107.583,107.583,88.043,17.0256386272781,0.240132277220255,0.199353697418701,0.280910857021809,0.057669620609671,0.794387029835586,0.715162254869938,0.866859220855986,0.0667223177249796,0,"Near",0.287967308685924,0.443029258608298
"136","A4ZW4GNQ98HV6",28,"Far-Far",0,4,2,0,0,0,138.293,74.7945,95.9606666666667,138.293,41.016,40.7022267722814,0.148015290498734,0.0390340089797974,0.25699657201767,0.15412280636888,0.903638231082975,0.74300342798233,1.00745756179094,0.0905353744460157,1,"Far",0.905904561384337,1.37933071874311
"137","A544VW8YTMPJP",29,"Far-Far",4,7,0,0,0,4,79.8879999999999,NA,66.5176666666667,66.5176666666667,56.394,8.94410147651629,0.287415818311274,0.262565955519676,0.326248854398727,0.0282121219947662,0.725455198685328,0.590921089053154,0.820317529141903,0.0704500150592925,0,"Far",-0.479479375544212,0.141040658130883
"138","A5C761Y9MWNCA",163,"pInspControl",5,6,0,0,0,5,128.508,NA,81.4094,81.4094,32.185,33.3858779282499,0.177633664105088,0.0708949882537127,0.222571589052677,0.0715629423640276,0.858025641584148,0.733790129423141,0.972189025022089,0.077076301630723,0,"Near",-0.12616092714662,0.652694008353001
"139","A5DB9OBBOOX6M",130,"Near-Near",2,8,3,1,0,2,100.901,71.254,57.9138571428571,47.90875,38.021,19.5395868974359,0.274054748937488,0.0828179605305195,0.460074946284294,0.165198009741378,0.782220510278074,0.539925053715706,0.917182039469481,0.116702728593956,1,"Near",0.0577809837263076,0.583378150441978
"140","A5F3DEDHBOKUV",30,"Far-Far",0,3,0,0,0,0,184.966,NA,150.0615,150.0615,115.157,34.9045,0.146083120256662,0.146083120256662,0.146083120256662,NA,0.855014236023029,0.824014715850353,0.887111112475395,0.03156250877021,0,"Far",-0.852753728088522,0.100161926917589
"141","A5QFWF0JLL3EH",131,"Near-Near",0,3,1,1,0,0,131.365,NA,125.039,125.039,118.713,6.32600000000005,0.159113487228751,0.159113487228751,0.159113487228751,NA,0.858713397756219,0.840886512771249,0.887027833610773,0.0247940903167582,1,"Near",-0.172626670385373,0.587705154689157
"142","A610SH5RY1NG1",31,"Far-Far",3,3,1,0,0,3,319.157,319.157,174.411,29.665,29.665,144.746,0.153748370707035,0.153748370707035,0.153748370707035,NA,0.809651270508766,0.767672721296549,0.846251629292965,0.0395645661506269,1,"Far",0.558152211482,0.81400036994498
"143","A8A18JVCPOROY",132,"Near-Near",0,2,1,3,0,0,178.237,178.237,178.237,NA,178.237,0,NA,NA,NA,NA,0.835194177925587,0.835194177925587,0.835194177925587,NA,1,"Near",-0.605585762993762,-0.514355912521991
"144","A9AYICE1E4D87",60,"Far-Near",4,6,1,0,3,4,123.789,74.0258,74.0258,NA,46.409,26.6376417755026,0.224634487181902,0.0939143151044846,0.403340347111225,0.146104827547702,0.804364460955064,0.596659652888775,0.944498859345913,0.107623625279211,1,"Far",-0.54119475547341,0.583516587610897
"145","AA4T7L2N9LNKI",133,"Near-Near",0,5,2,0,0,0,94.276,76.473,80.35175,84.2305,71.926,8.70852118258325,0.268443734695514,0.100573565810919,0.544531434774399,0.240952117436201,0.782017405924853,0.455468565225601,0.982706060982309,0.14744582639369,1,"Near",-0.0380284158999248,0.793448345352393
"146","ABBZGF22NICO7",164,"pInspControl",1,13,0,0,0,1,55.396,NA,33.8016666666667,33.8016666666667,13.66,10.4788133737662,0.169338984245604,0.0399462627246976,0.544643297791481,0.141703920785893,0.875725065002021,0.343908458948135,1.08268078044057,0.124713940501639,0,"Near",-0.119910940450239,1.40717502206368
"147","AC0D4CQNMKFJK",32,"Far-Far",0,3,1,0,0,0,157.31,88.2,122.755,157.31,88.2,34.555,0.149042669683695,0.149042669683695,0.149042669683695,NA,0.84117895613114,0.830705940723419,0.850957330316305,0.0101435491782595,1,"Far",0.637012988295526,1.76090470960798
"148","ACFMXT9ZGJJYZ",33,"Far-Far",5,9,2,0,0,5,72.846,59.0918333333333,53.599875,37.124,26.167,14.1758380566855,0.119588661472205,0.0130315339192748,0.234247457236052,0.0851331810578608,0.870319556975422,0.702877514064312,1.09455041773617,0.0935366478290653,1,"Far",-0.363871621240573,0.449338960514911
"149","ADPRYA2A658TK",165,"pInspControl",0,6,0,0,0,0,101.899,NA,79.296,79.296,44.843,21.5616437963342,0.154077066108584,0.137306455522776,0.170847676694393,0.0237172249397285,0.740332398563623,0.347238972783089,0.862693544477224,0.152914908683627,0,"Near",0.165176410059591,1.27747609292202
"150","AEHONA1BIY9JB",166,"pInspControl",1,14,0,0,0,1,91.12,NA,34.1664615384615,34.1664615384615,15.0600000000001,17.8244203470985,0.145877653193774,0.0334908557124436,0.427864372730255,0.107556117933711,0.884126516771538,0.53481063246727,1.06408580392599,0.0970086161260548,0,"Near",0.271942082476379,1.49560033132576
"151","AF0VG11SRWZUM",98,"Near-Far",1,17,0,0,2,1,45.47,NA,27.074,27.074,13.292,8.6722642804518,0.179561160249674,-0.0141628570854664,0.520097985863686,0.117377635562588,0.878115837264825,0.468652784824371,1.06697432789952,0.0951391012089928,0,"Near",0.470410226101363,2.00286279104831
"152","AG7K589T2CWFH",167,"pInspControl",0,5,0,0,0,0,146.822,NA,96.4,96.4,56.954,35.3861649024022,0.3437838293612,0.0964790992438793,0.573719367384911,0.23909377869221,0.807390408771526,0.638846978545189,0.942393916426226,0.0935498548116466,0,"Near",-0.553705794373136,0.45127580604412
"153","AH28OMNQKFBRT",168,"pInspControl",4,5,0,0,0,4,189.255,NA,88.425,88.425,42.55,58.6973499188847,0.180426155527433,0.128124702721834,0.226794954389334,0.0496019347217795,0.781741005694494,0.583741776645184,0.871875297278166,0.088908973858923,0,"Near",0.357330069884165,0.970122266237049
"154","AH31QLJ57XC8W",61,"Far-Near",4,3,0,0,0,4,153.075,NA,149.724,149.724,146.373,3.35099999999974,0.242759518325329,0.242759518325329,0.242759518325329,NA,0.785286019245783,0.682728469371796,0.915889106690884,0.1190835204048,0,"Far",0.0931260746555382,0.582877456024439
"155","AHUD85SEX0LUO",134,"Near-Near",7,6,0,0,0,7,100.439,NA,75.6404,75.6404,49.6559999999999,16.1057860236624,0.220209640741814,0.0538122181314975,0.397983834147453,0.14068402524673,0.815715131330459,0.602016165852547,0.946187781868502,0.106755930331378,0,"Near",0.244870974045093,0.894838138501957
"156","AJ94N3I1A434D",169,"pInspControl",0,5,0,0,0,0,138.118,NA,91.527,91.527,52.317,34.7433445928857,0.198327786444376,0.128942606505007,0.276617810130119,0.0742392323710323,0.847670831065625,0.723382189869881,1.02657670015469,0.0846056376168033,0,"Near",0.569848301396794,1.03890227961554
"157","ALDQRWYZ8KQ9A",170,"pInspControl",6,5,0,0,0,6,100.258,NA,74.2545,74.2545,58.38,15.7619736311796,0.0853832711776098,0.0604291409254074,0.105027655139565,0.0227684413559142,0.897724699787796,0.764526881277561,1.00554198399186,0.0605987210322046,0,"Near",0.576968347667954,1.22972522959575
"158","AMG9Y1YLBTKIV",62,"Far-Near",2,3,0,0,0,2,290.774,NA,176.122,176.122,61.47,114.652,0.099299757508561,0.099299757508561,0.099299757508561,NA,0.843264586369817,0.669117018580437,0.959976498037577,0.153700846266735,0,"Far",-0.0966750123443787,0.403388252370757
"159","AMPMTF5IAAMK8",171,"pInspControl",8,9,0,0,0,8,104.522,NA,51.071875,51.071875,17.624,27.8191080349348,0.146355722409983,0.0694770831614733,0.238386251032352,0.0622937515104613,0.853275372341678,0.5415875390172,1.01842093234882,0.0999121839999426,0,"Near",-0.0425912722315388,1.2003318059552
"160","ANZKTE853UXSD",99,"Near-Far",2,4,4,11,0,2,115.383,102.377666666667,102.377666666667,NA,89.212,10.6848675029481,0.173675721511245,0.113656844943762,0.233694598078728,0.0848795092401311,0.874570183455944,0.766305401921272,1.01431843265891,0.0869989754294739,1,"Near",0.115932421735624,0.822841604041981
"161","AOZ6EOEP2QLWZ",63,"Far-Near",4,5,4,6,0,4,126.914,91.3556666666667,93.60825,100.366,63.231,23.2998976647431,0.12332895770669,0.00442420691251755,0.241937696933746,0.118757021698306,0.87520105005824,0.689903900027275,1.00161927193403,0.112995978747612,1,"Far",-0.038194916208077,0.425670385448488
"162","AQVQHML14YYJH",64,"Far-Near",3,3,1,0,0,3,123.151,123.151,93.6075,64.064,64.064,29.5435,0.0365246459841728,0.0365246459841728,0.0365246459841728,NA,0.875455372656385,0.817426206544042,0.963475354015827,0.0775059682779207,1,"Far",-0.56132743744512,0.806377906930061
"163","AR9ZC60MDS2Q",65,"Far-Near",3,5,4,3.5,0,3,149.049,96.70975,96.70975,NA,54.287,35.8787744312358,0.115620883802573,0.10505373775959,0.125421196222305,0.0102053596904723,0.827972426544875,0.669095441699028,0.900519363582134,0.0737151254374537,1,"Far",0.432787584167176,1.03039155688004
"164","ASZME2HK3WFW2",34,"Far-Far",0,7,0,0,0,0,80.803,NA,61.4138333333333,61.4138333333333,42.441,14.0669865099894,0.113112150051165,0.0615198849700391,0.174478180706501,0.0464675046647913,0.890038600750268,0.672863826155663,1.09592705592513,0.103968404362403,0,"Far",0.184596446944251,1.12269063605562
"165","AT3C00TKZK13L",172,"pInspControl",3,3,0,0,0,3,42.174,NA,38.855,38.855,35.536,3.31900000000002,0.115906924009323,0.115906924009323,0.115906924009323,NA,0.942417917773128,0.884093075990677,1.02633529342711,0.0744946001249921,0,"Near",0.072386328399098,0.722988191723638
"166","AT8WISY6ZVNWA",135,"Near-Near",6,11,3,0,7,6,109.593,63.16625,41.6704,27.3398333333333,14.246,25.8502552219509,0.19548287921186,0.113461226224899,0.319617904722691,0.0817290211366282,0.812802366213873,0.531590014696121,1.04960444942117,0.109606128537914,1,"Near",0.215983632850806,1.64794388728187
"167","ATL88E7W705EG",136,"Near-Near",0,10,1,0,1,0,75.5500000000001,47.1848888888889,47.1848888888889,NA,34.075,11.4057177614704,0.290959923140084,0.179487745743245,0.471849784255028,0.112828005385164,0.750890480419103,0.473172277212143,0.934448854997754,0.0968993298346268,1,"Near",0.0424792950567755,0.893523832832005
"168","AU9JSBIVI1ZS1",100,"Near-Far",0,5,1,0,0,0,98.208,83.4675,83.4675,NA,55.919,16.7368326229905,0.187342907612522,0.171219825744629,0.218300329521298,0.0268176563536533,0.794722863752395,0.552304476499557,0.925004422664642,0.094842205531194,1,"Near",0.205833768439136,1.00056894089704
"169","AV05BXQORIXZR",101,"Near-Far",5,2,0,0,0,5,202.053,NA,202.053,202.053,202.053,0,NA,NA,NA,NA,0.821851219981909,0.821851219981909,0.821851219981909,NA,0,"Near",0.646790397758769,1.17643222320729
"170","AVU1N78F92K93",66,"Far-Near",1,23,0,0,0,1,49.423,NA,20.5924545454545,20.5924545454545,8.35399999999993,9.40484304990725,0.0856623213316891,-0.0643910672515631,0.342494249343872,0.101487015142012,0.896364617001669,0.583131462335587,1.08030933141708,0.0855456807144234,0,"Far",-0.365110205508387,0.650759060228651
"171","AW081A2YEZT14",102,"Near-Far",0,8,0,0,0,0,63.798,NA,50.9268571428572,50.9268571428572,33.532,10.2277577270118,0.230980924020211,0.123758174479008,0.383274242281914,0.0966431286071052,0.765108854892398,0.552772559225559,0.993065702263266,0.125121838168552,0,"Near",-0.0113227356251116,0.918085741413307
"172","AW5FP8MFB3F7X",137,"Near-Near",5,9,7,2,0,5,80.038,54.83325,54.83325,NA,25.494,16.6971416472251,0.233290339287903,0.111299533396959,0.325572699308395,0.0935367807894706,0.828876236655762,0.674427300691605,0.970840388908982,0.0865641513078644,1,"Near",-0.429611510541891,1.11557724467101
"173","AWWEZ469E6GCX",103,"Near-Far",0,6,1,0,0,0,117.236,57.4275,81.0028,96.7196666666667,50.794,23.4320075571855,0.231006809975952,0.0351916123181581,0.374888077378273,0.151517666799847,0.74354250083367,0.586827509105206,0.964808387681842,0.105406067016289,1,"Near",-1.28327105327351,-0.516335552503704
"174","AXSDD92JCDPV7",173,"pInspControl",0,9,0,0,0,0,97.46,NA,54.58125,54.58125,26.301,20.3208581065737,0.118276610970497,-0.00985213369131088,0.224942147731781,0.0992206192348907,0.867384110053536,0.602975934743881,1.02955160872079,0.0846373916549691,0,"Near",0.314191337911829,0.990961497722237
"175","A10PBRZ712IOMJ",12,"Far-Near",0,7,2,3,0,0,108.646,53.3394,62.5571666666667,108.646,26.411,27.7373358094384,0.0935872910544276,0.0200517755001783,0.185669653117657,0.07842631986827,0.910618753388657,0.814330346882343,1.01781952008605,0.0627200682836058,1,"Far",-0.222466776776853,0.45730514492448
"176","A13D5GL4O9AT6Z",39,"Near-Near",1,5,3,6,0,1,95.997,81.28,81.28,NA,59.02,14.9599247825649,0.241576452739537,0.125434986315668,0.353826656937599,0.114245548025521,0.828421476855874,0.646173343062401,0.961477046832442,0.104255292685685,1,"Near",0.460830559418146,0.781257785212829
"177","A13KXV3K4RHITZ",40,"Near-Near",3,5,1,0,0,3,123.694,99.1799999999999,105.5235,107.638,81.0749999999999,16.7886753274343,0.0351566110427181,-0.00736318714916706,0.0753264203667641,0.0413948624051815,0.950156698934734,0.822859928011894,1.05564658343792,0.078474953802691,1,"Near",-0.434244243673086,-0.30626832682381
"178","A16OMQ6W4B940O",41,"Near-Near",4,9,0,0,0,4,79.188,NA,53.704,53.704,33.645,16.6178803552078,0.114657627418637,0.0275947591289878,0.233425375074148,0.0858463373384874,0.866354852387707,0.69612693041563,0.986812718212605,0.0698504046300497,0,"Near",-0.171631185940033,1.14894076585041
"179","A1BQQBFXHYUYVU",13,"Far-Near",0,4,0,0,0,0,116.324,NA,91.676,91.676,62.151,22.3832873516529,0.167843376286328,0.0968964118510485,0.238790340721607,0.100334159313574,0.805118354503065,0.761209659278393,0.903103588148952,0.0523726489924385,0,"Far",0.463157869615457,1.15347208839333
"180","A1FYFBIFYWTMJS",0,"Far-Far",0,5,1,0,0,0,112.522,NA,84.86375,84.86375,51.858,23.5844987690538,0.136194692148517,0.0849909889511764,0.208225637674332,0.064202999764315,0.884045882538582,0.757951274514198,1.04784890450537,0.102697600331623,1,"Far",-0.403529941789063,-0.122225963775101
"181","A1G34TESSXG1R8",53,"pInspControl",4,7,0,0,0,4,119.198,NA,56.625,56.625,32.469,29.4657874265506,0.551483425498009,0.302770286798477,0.871437162160873,0.242371686037619,0.584203861299015,0.128562837839127,0.754911981523037,0.166360050325482,0,"Near",-0.144238893878858,0.687753665060203
"182","A1G9DARKRUBRGL",1,"Far-Far",0,8,0,0,0,0,95.204,NA,58.4841428571429,58.4841428571429,38.258,18.1847501057387,0.10266567269961,-0.0487967152148485,0.242348603904247,0.113355508029337,0.886047500692907,0.617086946964264,1.04879671521485,0.0838357003078003,0,"Far",-0.0928741672027224,0.595422420977904
"183","A1IM6TFN3AAMBY",42,"Near-Near",5,1,1,0,0,5,NA,NA,NA,NA,NA,NA,NA,NA,NA,NA,NA,NA,NA,NA,1,"Near",1.06862025068009,1.06862025068009
"184","A1MADOUB1BA0A5",25,"Near-Far",2,6,1,0,0,2,134.84,72.9703333333333,59.8214,40.098,33.557,37.9647047959022,0.165421592770144,0.0560089414939284,0.257022887468338,0.0858872117469213,0.85196289991339,0.709448866546154,0.943991058506072,0.0745236029201823,1,"Near",-0.0936878778523143,1.18845213598395
"185","A1N7JIYDZQ1AR",26,"Near-Far",0,9,2,1,0,0,89.304,85.525,53.232,42.4676666666667,30.21,20.8530484821764,0.211944667994976,0.101599615067244,0.349309533834457,0.103819129523232,0.873521490421678,0.650690466165543,1.08758296072483,0.088100378832323,1,"Near",-0.606067768180384,0.94548060228591
"186","A1RS60I3OHVRM5",27,"Near-Far",0,5,0,0,0,0,131.939,NA,65.173,65.173,36.494,39.0704991073828,0.141036074530954,0.0362371318042278,0.251565873622894,0.107778702902343,0.860622457135469,0.607115507125854,0.964544080896303,0.110660947016046,0,"Near",0.297725125474006,1.03576460692136
"187","A1S4L9T87MGSF6",14,"Far-Near",2,3,1,1,0,2,192.024,192.024,149.5295,107.035,107.035,42.4945,-0.0687224343419075,-0.0687224343419075,-0.0687224343419075,NA,0.864731072137753,0.595906108617783,1.06872243434191,0.242984292419282,1,"Far",-0.100400628961946,0.685199424526024
"188","A20YCH1UOFGQZB",54,"pInspControl",0,3,0,0,0,0,68.096,NA,48.368,48.368,28.64,19.728,0.151315912604332,0.151315912604332,0.151315912604332,NA,0.775070530672868,0.733599647879601,0.848684087395668,0.0639215978381879,0,"Near",-0.0229847858042886,0.510501711630121
"189","A21HS9COPSYOBQ",43,"Near-Near",0,9,0,0,0,0,84.519,NA,56.295625,56.295625,27.079,18.8511710109578,0.122746952210686,-0.0246352031826973,0.295683860778809,0.103290863206519,0.882936189871948,0.682717218995094,1.0246352031827,0.0720401246843909,0,"Near",-0.128959890196563,1.0690449676497
"190","A23TC8U3E2XN9Z",2,"Far-Far",0,2,1,0,0,0,202.249,202.249,202.249,NA,202.249,0,NA,NA,NA,NA,0.968174401670694,0.968174401670694,0.968174401670694,NA,1,"Far",0.669620844501391,0.895183912440941
"191","A26U4IKXMXT0ZA",55,"pInspControl",8,7,0,0,0,8,101.916,NA,71.277,71.277,43.845,17.4257528388302,0.132891082880087,-0.0146150687942281,0.2751749381423,0.115783777413392,0.874184638322774,0.7248250618577,1.01461506879423,0.0709324471109815,0,"Near",0.356489715643943,0.783257041889335
"192","A2ADEPVGNNXNPA",3,"Far-Far",0,6,1,0,0,0,245.524,78.389,78.389,NA,23.851,84.6224523232458,0.135792874498293,0.057811644859612,0.20684714242816,0.062378116542311,0.871374770990224,0.713965658098459,0.945255699567497,0.0719972131243374,1,"Far",-0.523459842412893,0.781038241261031
"193","A2HGZOXZ36XKRI",4,"Far-Far",0,9,0,0,1,0,83.543,NA,51.897625,51.897625,28.7379999999999,15.9831738317011,0.0734506979850786,-0.0285303499549627,0.17410833761096,0.0754745784110116,0.902877283994005,0.74689207226038,1.03216176666319,0.0794834852383329,0,"Far",-0.0461773613767018,0.491377949730613
"194","A2HSCKH5NKN5LP",28,"Near-Far",3,8,0,0,5,3,68.018,NA,54.51,54.51,40.988,11.4835021288306,0.294260942998032,0.0736785959452391,0.574163049459457,0.177201070121269,0.794091116088176,0.425836950540543,0.982965011382475,0.137721634735135,0,"Near",0.382131591279224,0.92358874070955
"195","A2JUHWRYPJJNUG",44,"Near-Near",5,12,1,0,6,5,66.239,40.0948181818182,40.0948181818182,NA,27.348,10.4653682888605,0.625420133024454,0.535370256751776,0.769518882036209,0.0731840515119148,NA,NA,NA,NA,1,"Near",-1.64936784333111,-1.26768257594602
"196","A2K9HSMVUUZJSI",29,"Near-Far",5,19,0,0,0,5,34.34,NA,25.0584444444444,25.0584444444444,16.568,5.34503094494961,0.101159259832154,-0.0543717192485929,0.224974252283573,0.100666934796601,0.893282360049936,0.550588846206665,1.10311180446297,0.0984707502881835,0,"Near",0.128390166552459,1.28525360759715
"197","A2L5QDGSMYUS7C",56,"pInspControl",6,10,0,0,0,6,69.856,NA,39.0133333333333,39.0133333333333,21.97,14.9881508532574,0.187645031837747,0.0919418297708035,0.270773217082024,0.0545317879156327,0.845021728307216,0.482791498303413,1.04764802008867,0.11968248224473,0,"Near",0.371926481434509,1.01091937134493
"198","A2LLCYCCR4ZM5L",57,"pInspControl",0,2,0,0,0,0,97.606,NA,97.606,97.606,97.606,0,NA,NA,NA,NA,0.984147286042571,0.984147286042571,0.984147286042571,NA,0,"Near",-0.0872461503308375,0.190029082483481
"199","A2NDF21CYB14BB",58,"pInspControl",0,3,0,0,0,0,52.937,NA,49.8395,49.8395,46.742,3.0975,0.345354221761227,0.345354221761227,0.345354221761227,NA,0.774508219212294,0.654645778238773,0.851831134408712,0.105250770125315,0,"Near",-0.348525728421035,0.290687901653131
"200","A2NTGMT5Y1B16K",30,"Near-Far",0,5,1,0,0,0,109.457,63.1033333333333,74.69175,109.457,45.74,24.0848847036373,0.156553006420533,0.143583372235298,0.171645298600197,0.014150872253972,0.866530565777794,0.789978753775358,0.978812454268336,0.0547452240910115,1,"Near",-0.32782170252163,0.423075649916472
"201","A2O31IKB0RQXPE",31,"Near-Far",0,11,0,0,0,0,44.613,NA,32.9249,32.9249,18.883,8.60093091996442,0.455650589532322,0.337819665670395,0.595021456480026,0.0744694043756596,0.636078082160516,0.362123966217041,0.799157284200191,0.111943305012313,0,"Near",0.301031926747252,0.922984055050937
"202","A2P1Y1M943USUG",45,"Near-Near",3,6,5,7,0,3,87.049,68.2718,68.2718,NA,49.226,12.5093936767535,0.366722126491368,0.319295328110456,0.412741556763649,0.0472073686022681,0.757717801630497,0.469472885131836,0.94730182737112,0.138052374980844,1,"Near",-0.672649252771302,-0.183941067606161
"203","A2QVJHKCKODQO6",32,"Near-Far",3,9,2,1,0,3,73.966,56.6301666666667,52.041875,38.277,33.861,15.1816680608349,0.446997806962047,0.240589457098395,1.00000011920929,0.25335345822613,0.630142594341721,0.465423747897148,0.759410542901605,0.0645644123920112,1,"Near",-0.0363170011495455,0.606525483602642
"204","A2SWQM5X54P1O5",59,"pInspControl",0,5,0,0,0,0,155.46,NA,98.431,98.431,63.542,35.7943278327726,0.310871288180351,0.181107811629772,0.393141515552998,0.11371578359207,0.748493595793843,0.606858484447002,0.898761410266161,0.0929033098780309,0,"Near",-0.485911763098139,0.21821670689946
"205","A2V2I8HXL9EHQ1",15,"Far-Near",8,11,1,0,1,8,109.088,44.1268,42.8159,41.505,16.687,27.2036947396856,0.156274279036249,0.00207286328077316,0.528477121144533,0.166857435796818,0.883827843335034,0.471522878855467,1.07629238814116,0.107163075769161,1,"Far",-0.670670942833715,1.11434041767494
"206","A2WGW5Y3ZFBDEC",46,"Near-Near",0,9,0,0,7,0,58.2909999999999,NA,44.212875,44.212875,30.987,9.86725849004549,0.239304971748165,0.018090563826263,0.420763477683067,0.128403067255713,0.859801978600444,0.579236522316933,1.05112387798727,0.106841968914545,0,"Near",0.2259491695105,1.14041929147721
"207","A2WJGI7XNUBRND",16,"Far-Near",4,4,2,1,0,4,110.615,100.4095,103.811333333333,110.615,90.946,9.10220641139041,0.328205890953541,0.163902312517166,0.492509469389915,0.232360348971153,0.765123210847378,0.507490530610085,0.921694185584784,0.154098377065687,1,"Far",0.207278258174998,0.501490320355972
"208","A2WQT33K6LD9Z5",17,"Far-Near",3,5,0,0,0,3,135.329,NA,90.007,90.007,60.537,27.824882066237,0.26859870304664,0.207399033010006,0.303934864699841,0.0532116763449241,0.696908005420119,0.519442901015282,0.792600966989994,0.0979904348631122,0,"Far",0.347170828563165,0.793394399256955
"209","A37MHRP7U6T2OW",5,"Far-Far",0,6,3,3,0,0,96.694,80.9995,81.6218,84.111,64.253,10.345041853951,0.240606746946772,0.190368315204978,0.320398539304733,0.0698714221813187,0.745396949909627,0.544174343347549,0.997797928750515,0.116644045602682,1,"Far",0.163685001746736,1.07315840588654
"210","A38CI644WH5CLD",6,"Far-Far",7,10,0,0,0,7,93.967,NA,44.7191111111111,44.7191111111111,14.961,20.6449507921399,0.131240966496989,0.029492624104023,0.245439210906625,0.0633784659141017,0.884772146731201,0.754560789093375,1.04013505391777,0.0651493284462944,0,"Far",0.0650886587611071,1.1041190759115
"211","A38HCU1O9OS0C5",60,"pInspControl",3,5,0,0,0,3,94.775,NA,73.3345,73.3345,56.78,13.7374687715751,0.103967880830169,0.00743719562888145,0.155051745474339,0.0836455256160326,0.902456665365025,0.836153984069824,1.01166262850165,0.0713631215992898,0,"Near",0.525775647854488,1.73239049198234
"212","A38ZGWB47QTEY6",47,"Near-Near",3,12,0,0,0,3,47.1,NA,38.8316363636364,38.8316363636364,27.537,5.68927164650879,0.216883782669902,0.0061054527759552,0.374449133872986,0.119254097268415,0.830218720288637,0.52740715444088,1.04492548853159,0.101820979679768,0,"Near",-0.768491441557507,0.117766088397729
"213","A3931VJ55Y4C1N",18,"Far-Near",0,9,0,0,0,0,76.2520000000001,NA,51.8765,51.8765,31.629,14.6360679487354,0.21511718891561,0.121762577444315,0.438366949558258,0.127293982382886,0.809734993348164,0.423485524952412,1.01393961906433,0.138303453357847,0,"Far",-0.00587241985739144,0.84646472434783
"214","A3B6ANBQU81J1J",61,"pInspControl",4,11,0,0,0,4,67.343,NA,38.9595,38.9595,25.665,13.5810768810871,0.24662124324176,0.0681284070014954,0.747862845659256,0.204315006056844,0.812091652130369,0.252137154340744,1.05330184660852,0.122508688199972,0,"Near",-0.286942732892275,0.468557531210175
"215","A3BP890CXV4UMN",33,"Near-Far",1,5,0,0,2,1,106.854,NA,95.17425,95.17425,80.336,9.78465053987626,0.263955591867367,0.192707762122154,0.339179635047913,0.0733168472764437,0.814701436273754,0.660820364952087,0.930211136117578,0.0848165828426421,0,"Near",-0.138224694759923,0.648385631358255
"216","A3FUW3458K3KO",7,"Far-Far",2,4,1,0,0,2,133.6,118.1,118.1,NA,88.4,21.0077763379819,0.204495895653963,0.175510160624981,0.233481630682945,0.0409920195933395,0.840989448595792,0.766518369317055,0.896813575178385,0.0449889102181778,1,"Far",-0.0145684849609414,0.657754379612943
"217","A3GRV5A91OW2BV",62,"pInspControl",2,6,0,0,0,2,93.684,NA,75.0032,75.0032,59.4110000000001,15.119384953099,0.221021585166454,0.144568018615246,0.297475151717663,0.108121670708513,0.818129576183856,0.702524848282337,0.919454911723733,0.0596851212367559,0,"Near",0.118443481415292,0.908443564578341
"218","A3IDBFPW2T9P5D",8,"Far-Far",0,7,1,1,1,0,86.1249999999999,NA,67.9466666666667,67.9466666666667,50.809,13.6336381139526,0.0361577454954386,-0.00310811027884483,0.0848643910139799,0.0359116666201267,0.964731672634592,0.833407320082188,1.08369162864983,0.0617370121494569,1,"Far",0.015255649374969,1.28973887792321
"219","A3JI3B5GTVA95F",9,"Far-Far",0,1,1,6,0,0,NA,NA,NA,NA,NA,NA,NA,NA,NA,NA,NA,NA,NA,NA,1,"Far",1.00137457109558,1.00137457109558
"220","A3JWLZQE19KVPT",48,"Near-Near",6,5,1,1,0,6,74.044,46.0276666666667,53.03175,74.044,17.651,21.2485821218146,0.190210089708368,0.132602453231812,0.258961722254753,0.0639125003681306,0.879130880647507,0.741038277745247,0.980150148272514,0.0705315622608957,1,"Near",-0.713859538537218,0.0452257967541647
"221","A3L48QI72KNGH1",63,"pInspControl",4,5,0,0,0,4,80.413,NA,47.183,47.183,25.147,22.5561491726757,0.243659563362598,0.0938582979142666,0.537467002868652,0.254461204121343,0.807298612967134,0.462532997131348,0.906141702085733,0.130978173416403,0,"Near",0.175047204085716,0.759893887410037
"222","A3P23Q72KQ164T",49,"Near-Near",5,7,0,0,0,5,87.706,NA,70.157,70.157,37.695,16.6199369232658,0.183740551071241,0.108566332841292,0.315497487783432,0.0903439400896807,0.80199876935443,0.554406106472015,0.988989008590579,0.106684400172329,0,"Near",0.22951103613589,0.795637125634817
"223","A3PEJ2UC43Y4ZN",19,"Far-Near",4,4,0,0,0,4,179.104,NA,129.024,129.024,74.207,42.9548175722662,0.290907114744186,0.254966214299202,0.326848015189171,0.0508281088531982,0.71124422053496,0.673151984810829,0.745033785700798,0.0361335447367981,0,"Far",-0.72982988538906,-0.308923179766133
"224","A3UEAWMRV5YQ6V",50,"Near-Near",2,5,2,15,1,2,145.052,92.296,92.296,NA,37.887,42.6021330041115,0.113209899514914,-0.0126593410968781,0.239079140126705,0.178005987158798,0.823840791204323,0.717796310782433,1.01265934109688,0.108360473549203,1,"Near",-0.120169177074423,0.761300946829148
"225","A3W058ES6C59MU",10,"Far-Far",6,13,0,0,0,6,53.039,NA,36.7646666666667,36.7646666666667,19.501,11.1445862442513,0.122259352266238,0.0248326286673546,0.243567161262035,0.070918347324542,0.863841476906927,0.619897782802582,1.04658271372318,0.0758943217625941,0,"Far",0.37248332690663,1.28149783427049
"226","A47P5PR27PW3B",20,"Far-Near",0,3,0,0,1,0,133.233,NA,91.2235,91.2235,49.2139999999999,42.0095,0.0717968009412289,0.0717968009412289,0.0717968009412289,NA,0.908899396657944,0.829533342272043,0.968961648643017,0.0716905903498999,0,"Far",-0.045872717966255,0.657857458894667
"227","A5NE8TWS8ZV7B",21,"Far-Near",2,7,0,0,0,2,73.025,NA,51.4013333333333,51.4013333333333,23.89,15.0338938365577,0.0896171465981752,0.00862438720650971,0.214451976120472,0.0798578453389797,0.902893288934138,0.785548023879528,1.02613217756152,0.0726854662073859,0,"Far",0.371344630419946,0.812993617539307
"228","A7RAVFS10BUZ1",64,"pInspControl",0,7,0,0,0,0,81.182,NA,58.3905,58.3905,36.521,14.3796898987194,0.217081023752689,0.185078747570515,0.264443412423134,0.0322169842147463,0.782221938527766,0.621776521205902,0.916152492165565,0.0684128093388832,0,"Near",-0.012302382206585,0.635118479329722
"229","A90JBLDKW71DX",51,"Near-Near",3,4,0,0,0,3,39.924,NA,31.9016666666667,31.9016666666667,20.073,8.53938640782944,0.0559002552181482,0.042477373033762,0.0693231374025345,0.0189828220312952,0.903599362975607,0.769591815769672,1.00407817494124,0.0813064872238039,0,"Near",-0.107327181851064,0.755304424468143
"230","AASW4EHSSOG40",34,"Near-Far",0,3,2,12,0,0,211.806,149.019,149.019,NA,86.232,62.787,0.257944777607918,0.257944777607918,0.257944777607918,NA,0.855301301305493,0.742055222392082,0.943339817225933,0.102982707059925,1,"Near",0.236154883227515,0.994544194246138
"231","ADKKDK6P4MS1Z",22,"Far-Near",0,5,1,0,0,0,121.204,121.204,83.0985,70.3966666666667,56.151,24.3097980709425,0.19744561954091,0.0971466926857829,0.372569352388382,0.152195512625233,0.794550914713182,0.60075643658638,0.917220307514071,0.120753118818836,1,"Far",0.307540599673794,0.899747126413192
"232","AET3ZZ9XL3GYY",65,"pInspControl",8,5,0,0,0,8,117.643,NA,94.30525,94.30525,71.713,19.1442377802696,0.11776941937084,0.0882007810287178,0.143863409757614,0.0279935160896759,0.924474279629067,0.786426838487387,1.08677930757403,0.0935348490862915,0,"Near",0.195848837849306,0.938155737695032
"233","AFBTVLIAOL42I",11,"Far-Far",0,9,0,0,0,0,82.486,NA,48.027375,48.027375,29.2450000000001,14.6438279911495,0.236576836157058,0.0528660416603088,0.458755940198898,0.13669664100073,0.825828374260002,0.541244059801102,1.024747190997,0.104994351410562,0,"Far",-0.191115813753119,0.402392091985326
"234","AKBPA90M831F",23,"Far-Near",0,6,2,0,0,0,133.629,74.9718,74.9718,NA,43.9140000000001,35.7887095458889,0.139694760058774,0.0627427902072668,0.26311893761158,0.0897588434251648,0.853530974135113,0.73688106238842,0.943837363272905,0.0709113603221924,1,"Far",-0.015119474526895,0.91004665703575
"235","AKHH4W14A6AN9",66,"pInspControl",0,12,0,0,0,0,63.637,NA,40.4443636363636,40.4443636363636,20.978,13.522205140722,0.113592462055385,0.0485196746885777,0.212072677910328,0.047816399422375,0.866254463073953,0.639117524027824,1.02989823801909,0.0868846757920341,0,"Near",-0.266797503707725,0.962620690839759
"236","AL7IO193NSD5H",35,"Near-Far",0,6,0,0,0,0,102.936,NA,72.6286,72.6286,58.654,15.9374378693691,0.0995412240736187,0.0512495068833232,0.147997036576271,0.0424720197819242,0.919203840703995,0.818062499165535,1.09137930721045,0.0828344760460413,0,"Near",0.00887621308201006,0.572843611074618
"237","ALF9AAZGQP4K5",36,"Near-Far",0,8,0,0,0,0,86.089,NA,54.9751428571428,54.9751428571428,36.674,14.8943593486985,0.156316468841396,0.0610827191267163,0.230565473437309,0.0554676054658923,0.862454734351819,0.587359011173248,0.997228676453233,0.0968972732133399,0,"Near",0.392927461745766,1.23612339654845
"238","ALJMDVY95Y5G4",37,"Near-Far",2,7,0,0,0,2,133.092,NA,57.1626666666667,57.1626666666667,24.356,35.5127434858093,0.260650572180748,0.0609370395541191,0.410235986113548,0.133364820251052,0.765211864840239,0.589764013886452,0.939062960445881,0.0947066664861442,0,"Near",0.201293433154942,0.756168732528182
"239","ALNWI502XLYHM",38,"Near-Far",0,2,0,0,0,0,237.44,NA,237.44,237.44,237.44,0,NA,NA,NA,NA,0.796357430517673,0.796357430517673,0.796357430517673,NA,0,"Near",1.23941520674999,1.34913822508204
"240","AQVXVMX61864S",67,"pInspControl",10,6,0,0,0,10,140.823,NA,74.9428,74.9428,43.535,34.6919045565388,0.197678175754845,0.134583126753569,0.256146151572466,0.0516554371960965,0.72871429088215,0.43222513794899,0.865416873246431,0.133834465288682,0,"Near",-0.349875184105657,0.244066249203735
"241","AS109WTSIA8NU",68,"pInspControl",8,12,0,0,0,8,52.495,NA,28.0681818181818,28.0681818181818,15.216,12.3118816139546,0.124176385754254,-0.00853799330070615,0.183392487466335,0.0687575131775094,0.842226898058487,0.473439499735832,1.03209551423788,0.104623939314321,0,"Near",0.17778721994,1.64689158940874
"242","AS1QMPXIT1EGX",69,"pInspControl",2,6,0,0,0,2,79.795,NA,58.2958,58.2958,34.647,16.549047022714,0.674472279846668,0.533830687403679,0.843843638896942,0.131359721991915,NA,NA,NA,NA,0,"Near",-0.447809420627006,1.13100348652029
"243","AUAN582MLI96N",52,"Near-Near",1,5,0,0,0,1,74.731,NA,58.1515,58.1515,48.172,9.9898767885295,0.175969445457061,0.00650576129555702,0.300740875303745,0.152123712075594,0.809027272369713,0.622659884393215,0.993494238704443,0.118443659679596,0,"Near",-0.238479610158273,0.522535585297887
"244","AUUB5VAAV2F1G",70,"pInspControl",7,4,0,0,0,7,60.153,NA,49.121,49.121,27.195,15.5041256444857,0.599093817174435,0.198187753558159,0.99999988079071,0.566966792403748,0.816056807835897,0.801812246441841,0.844545930624008,0.0246723040660386,0,"Near",-0.0594246282590831,0.379738570637921
"245","AZGBKAM5JUV5A",24,"Far-Near",0,7,1,0,0,0,107.208,99.6713333333334,72.9443333333333,46.2173333333333,24.737,32.9246717456007,0.225594961672323,0.159215867664898,0.383386120200157,0.0909665016775794,0.780040128072003,0.615155503153801,0.967032482847571,0.100292332892482,1,"Far",-0.394669732466983,0.71437563308922
